date,max_temp_f,min_temp_f,precip_in,snow_in,snow_depth_in
2017-06-18,M,M,0.00,0.0,0
2017-06-19,M,M,0.00,0.0,0
2017-06-20,M,M,0.15,0.0,0
2017-06-21,M,M,0.16,0.0,0
2017-06-22,M,M,0.03,0.0,0
2017-06-23,M,M,0.35,0.0,0
2017-06-24,M,M,0.27,0.0,0
2017-06-25,M,M,0.00,0.0,0
2017-06-26,M,M,0.02,0.0,0
2017-06-27,M,M,0.00,0.0,0
2017-06-28,M,M,0.15,0.0,0
2017-06-29,M,M,0.01,0.0,0
2017-06-30,M,M,0.42,0.0,0
2017-07-01,M,M,0.10,0.0,0
2017-07-02,M,M,1.68,0.0,0
2017-07-03,M,M,0.00,0.0,0
2017-07-04,M,M,0.00,0.0,0
2017-07-05,M,M,0.00,0.0,0
2017-07-06,M,M,0.00,0.0,0
2017-07-07,M,M,0.00,0.0,0
2017-07-08,M,M,0.00,0.0,0
2017-07-09,M,M,0.22,0.0,0
2017-07-10,M,M,0.00,0.0,0
2017-07-11,M,M,0.11,0.0,0
2017-07-12,M,M,0.00,0.0,0
2017-07-13,M,M,0.80,0.0,0
2017-07-14,M,M,0.21,0.0,0
2017-07-15,M,M,0.11,0.0,0
2017-07-16,M,M,0.36,0.0,0
2017-07-17,M,M,0.00,0.0,0
2017-07-18,M,M,0.47,0.0,0
2017-07-19,M,M,0.14,0.0,0
2017-07-20,M,M,0.00,0.0,0
2017-07-21,M,M,0.00,0.0,0
2017-07-22,M,M,0.00,0.0,0
2017-07-23,M,M,0.00,0.0,0
2017-07-24,M,M,0.00,0.0,0
2017-07-25,M,M,0.14,0.0,0
2017-07-26,M,M,0.00,0.0,0
2017-07-27,M,M,0.08,0.0,0
2017-07-28,M,M,0.00,0.0,0
2017-07-29,M,M,0.00,0.0,0
2017-07-30,M,M,0.00,0.0,0
2017-07-31,M,M,0.00,0.0,0
2017-08-01,M,M,0.00,0.0,0
2017-08-02,M,M,0.00,0.0,0
2017-08-03,M,M,0.00,0.0,0
2017-08-04,M,M,1.35,0.0,0
2017-08-05,M,M,0.02,0.0,0
2017-08-06,M,M,1.36,0.0,0
2017-08-07,M,M,0.00,0.0,0
2017-08-08,M,M,0.12,0.0,0
2017-08-09,M,M,0.00,0.0,0
2017-08-10,M,M,0.00,0.0,0
2017-08-11,M,M,0.00,0.0,0
2017-08-12,M,M,0.50,0.0,0
2017-08-13,M,M,0.20,0.0,0
2017-08-14,M,M,0.11,0.0,0
2017-08-15,M,M,0.00,0.0,0
2017-08-16,M,M,0.82,0.0,0
2017-08-17,M,M,0.00,0.0,0
2017-08-18,M,M,0.00,0.0,0
2017-08-19,M,M,0.38,0.0,0
2017-08-20,M,M,0.00,0.0,0
2017-08-21,M,M,0.00,0.0,0
2017-08-22,M,M,0.00,0.0,0
2017-08-23,M,M,0.56,0.0,0
2017-08-24,M,M,0.00,0.0,0
2017-08-25,M,M,0.00,0.0,0
2017-08-26,M,M,0.00,0.0,0
2017-08-27,M,M,0.00,0.0,0
2017-08-28,M,M,0.00,0.0,0
2017-08-29,M,M,0.00,0.0,0
2017-08-30,M,M,0.00,0.0,0
2017-08-31,M,M,0.00,0.0,0
2017-09-01,M,M,0.00,0.0,0
2017-09-02,M,M,0.00,0.0,0
2017-09-03,M,M,0.00,0.0,0
2017-09-04,M,M,1.27,0.0,0
2017-09-05,M,M,0.00,0.0,0
2017-09-06,M,M,0.22,0.0,0
2017-09-07,M,M,0.48,0.0,0
2017-09-08,M,M,0.02,0.0,0
2017-09-09,M,M,0.00,0.0,0
2017-09-10,M,M,0.02,0.0,0
2017-09-11,M,M,0.00,0.0,0
2017-09-12,M,M,0.00,0.0,0
2017-09-13,M,M,0.00,0.0,0
2017-09-14,M,M,0.00,0.0,0
2017-09-15,M,M,0.00,0.0,0
2017-09-16,M,M,0.00,0.0,0
2017-09-17,M,M,0.00,0.0,0
2017-09-18,M,M,0.00,0.0,0
2017-09-19,M,M,0.00,0.0,0
2017-09-20,M,M,0.07,0.0,0
2017-09-21,M,M,0.00,0.0,0
2017-09-22,M,M,0.00,0.0,0
2017-09-23,M,M,0.00,0.0,0
2017-09-24,M,M,0.00,0.0,0
2017-09-25,M,M,0.00,0.0,0
2017-09-26,M,M,0.00,0.0,0
2017-09-27,M,M,0.00,0.0,0
2017-09-28,M,M,0.00,0.0,0
2017-09-29,M,M,0.00,0.0,0
2017-09-30,M,M,0.00,0.0,0
2017-10-01,M,M,0.00,0.0,0
2017-10-02,M,M,0.00,0.0,0
2017-10-03,M,M,0.00,0.0,0
2017-10-04,M,M,0.00,0.0,0
2017-10-05,M,M,0.00,0.0,0
2017-10-06,M,M,0.00,0.0,0
2017-10-07,M,M,0.00,0.0,0
2017-10-08,M,M,0.00,0.0,0
2017-10-09,M,M,0.12,0.0,0
2017-10-10,M,M,1.31,0.0,0
2017-10-11,M,M,0.00,0.0,0
2017-10-12,M,M,0.00,0.0,0
2017-10-13,M,M,0.00,0.0,0
2017-10-14,M,M,0.00,0.0,0
2017-10-15,M,M,0.00,0.0,0
2017-10-16,M,M,0.00,0.0,0
2017-10-17,M,M,0.00,0.0,0
2017-10-18,M,M,0.00,0.0,0
2017-10-19,M,M,0.00,0.0,0
2017-10-20,M,M,0.00,0.0,0
2017-10-21,M,M,0.00,0.0,0
2017-10-22,M,M,0.00,0.0,0
2017-10-23,M,M,0.00,0.0,0
2017-10-24,M,M,0.03,0.0,0
2017-10-25,M,M,1.18,0.0,0
2017-10-26,M,M,1.06,0.0,0
2017-10-27,M,M,1.75,0.0,0
2017-10-28,M,M,0.00,0.0,0
2017-10-29,M,M,0.01,0.0,0
2017-10-30,M,M,2.98,0.0,0
2017-10-31,M,M,0.87,0.0,0
2017-11-01,M,M,0.00,0.0,0
2017-11-02,M,M,0.55,0.0,0
2017-11-03,M,M,0.20,0.0,0
2017-11-04,M,M,0.05,0.0,0
2017-11-05,M,M,0.00,0.0,0
2017-11-06,M,M,0.49,0.0,0
2017-11-07,M,M,0.06,0.0,0
2017-11-08,M,M,0.00,0.0,0
2017-11-09,M,M,0.00,0.0,0
2017-11-10,M,M,0.04,0.3,T
2017-11-11,M,M,0.00,0.0,0
2017-11-12,M,M,0.00,0.0,0
2017-11-13,M,M,0.00,0.0,0
2017-11-14,M,M,0.00,0.0,0
2017-11-15,M,M,0.00,0.0,0
2017-11-16,M,M,0.00,0.0,0
2017-11-17,M,M,0.23,0.8,1
2017-11-18,M,M,0.00,0.0,T
2017-11-19,M,M,0.24,0.0,0
2017-11-20,M,M,0.07,0.0,0
2017-11-21,M,M,0.00,0.0,0
2017-11-22,M,M,0.00,0.0,0
2017-11-23,M,M,0.54,0.0,0
2017-11-24,M,M,0.00,0.0,0
2017-11-25,M,M,0.00,0.0,0
2017-11-26,M,M,0.02,0.0,0
2017-11-27,M,M,0.05,0.8,1
2017-11-28,M,M,T,T,1
2017-11-29,M,M,0.00,0.0,T
2017-11-30,M,M,0.00,0.0,0
2017-12-01,M,M,0.03,0.0,0
2017-12-02,M,M,0.00,0.0,0
2017-12-03,M,M,0.00,0.0,0
2017-12-04,M,M,0.00,0.0,0
2017-12-05,M,M,0.00,0.0,0
2017-12-06,M,M,1.06,0.0,0
2017-12-07,M,M,0.00,0.0,0
2017-12-08,M,M,0.05,1.0,1
2017-12-09,M,M,0.00,0.0,0
2017-12-10,M,M,0.28,6.5,6
2017-12-11,M,M,0.00,0.0,4
2017-12-12,M,M,0.04,0.5,3
2017-12-13,M,M,0.63,4.1,6
2017-12-14,M,M,0.00,0.0,6
2017-12-15,M,M,0.00,0.0,5
2017-12-16,M,M,0.00,0.0,5
2017-12-17,M,M,0.00,0.0,5
2017-12-18,M,M,0.00,0.0,5
2017-12-19,M,M,0.11,1.1,6
2017-12-20,M,M,0.14,0.9,6
2017-12-21,M,M,0.00,0.0,6
2017-12-22,M,M,0.00,0.0,6
2017-12-23,M,M,0.29,3.2,9
2017-12-24,M,M,0.69,1.9,11
2017-12-25,M,M,0.03,0.4,11
2017-12-26,M,M,0.54,11.1,21
2017-12-27,M,M,0.00,0.0,21
2017-12-28,M,M,0.00,0.0,20
2017-12-29,M,M,0.00,0.0,19
2017-12-30,M,M,0.00,0.0,19
2017-12-31,M,M,0.00,0.0,19
2018-01-01,M,M,0.00,0.0,19
2018-01-02,M,M,0.00,0.0,19
2018-01-03,M,M,0.04,0.3,19
2018-01-04,M,M,0.01,0.0,19
2018-01-05,M,M,0.54,5.3,24
2018-01-06,M,M,0.00,0.0,24
2018-01-07,M,M,0.00,0.0,23
2018-01-08,M,M,0.01,0.1,23
2018-01-09,M,M,0.16,1.4,24
2018-01-10,M,M,0.00,0.0,23
2018-01-11,M,M,0.00,0.0,22
2018-01-12,M,M,0.00,0.0,16
2018-01-13,M,M,1.83,0.0,3
2018-01-14,M,M,0.04,0.0,3
2018-01-15,M,M,0.00,0.0,3
2018-01-16,M,M,0.01,0.3,3
2018-01-17,M,M,0.05,0.7,3
2018-01-18,M,M,0.04,0.6,4
2018-01-19,M,M,0.01,0.1,3
2018-01-20,M,M,0.00,0.0,3
2018-01-21,M,M,0.00,0.0,2
2018-01-22,M,M,0.00,0.0,2
2018-01-23,M,M,0.47,3.3,6
2018-01-24,M,M,0.60,0.0,6
2018-01-25,M,M,0.00,0.0,6
2018-01-26,M,M,0.00,0.0,6
2018-01-27,M,M,0.00,0.0,6
2018-01-28,M,M,0.00,0.0,6
2018-01-29,M,M,0.00,0.0,6
2018-01-30,M,M,0.00,0.0,6
2018-01-31,M,M,0.00,0.0,5
2018-02-01,M,M,0.04,0.4,5
2018-02-02,M,M,0.06,1.0,6
2018-02-03,M,M,0.00,0.0,6
2018-02-04,M,M,0.01,0.2,6
2018-02-05,M,M,0.35,1.9,8
2018-02-06,M,M,0.01,0.0,8
2018-02-07,M,M,0.00,0.0,8
2018-02-08,M,M,0.74,7.3,14
2018-02-09,M,M,0.00,0.0,13
2018-02-10,M,M,0.05,0.5,13
2018-02-11,M,M,0.07,0.3,13
2018-02-12,M,M,0.09,0.0,13
2018-02-13,M,M,0.00,0.0,13
2018-02-14,M,M,0.00,0.0,13
2018-02-15,M,M,0.00,0.0,12
2018-02-16,M,M,0.00,0.0,10
2018-02-17,M,M,0.00,0.0,9
2018-02-18,M,M,0.19,2.9,12
2018-02-19,M,M,0.00,0.0,12
2018-02-20,M,M,0.05,0.0,10
2018-02-21,M,M,0.15,0.0,9
2018-02-22,M,M,0.00,0.0,3
2018-02-23,M,M,0.00,0.0,3
2018-02-24,M,M,0.11,0.1,3
2018-02-25,M,M,0.00,0.0,3
2018-02-26,M,M,0.45,3.6,6
2018-02-27,M,M,0.00,0.0,5
2018-02-28,M,M,0.00,0.0,5
2018-03-01,M,M,0.02,0.2,5
2018-03-02,M,M,0.00,0.0,4
2018-03-03,M,M,0.06,0.0,4
2018-03-04,M,M,0.00,0.0,4
2018-03-05,M,M,0.04,0.2,3
2018-03-06,M,M,0.00,0.0,3
2018-03-07,M,M,0.00,0.0,2
2018-03-08,M,M,0.75,6.0,8
2018-03-09,M,M,0.59,7.1,15
2018-03-10,M,M,0.06,2.6,18
2018-03-11,M,M,0.01,0.0,16
2018-03-12,M,M,0.00,0.0,15
2018-03-13,M,M,0.00,0.0,15
2018-03-14,M,M,0.68,8.2,23
2018-03-15,M,M,0.31,2.8,26
2018-03-16,M,M,0.00,0.0,22
2018-03-17,M,M,0.00,0.0,21
2018-03-18,M,M,0.00,0.0,20
2018-03-19,M,M,0.00,0.0,20
2018-03-20,M,M,0.00,0.0,20
2018-03-21,M,M,0.00,0.0,19
2018-03-22,M,M,0.00,0.0,16
2018-03-23,M,M,0.00,0.0,14
2018-03-24,M,M,0.00,0.0,12
2018-03-25,M,M,0.21,2.9,15
2018-03-26,M,M,0.00,0.0,13
2018-03-27,M,M,0.00,0.0,12
2018-03-28,M,M,0.01,0.1,11
2018-03-29,M,M,0.00,0.0,8
2018-03-30,M,M,0.63,0.0,6
2018-03-31,M,M,0.00,0.0,4
2018-04-01,M,M,0.00,0.0,2
2018-04-02,M,M,0.00,0.0,1
2018-04-03,M,M,0.00,0.0,0
2018-04-04,M,M,0.15,0.2,0
2018-04-05,M,M,0.01,0.1,0
2018-04-06,M,M,0.00,0.0,0
2018-04-07,M,M,0.34,2.5,2
2018-04-08,M,M,0.00,0.0,0
2018-04-09,M,M,0.00,0.0,0
2018-04-10,M,M,0.00,0.0,0
2018-04-11,M,M,0.01,0.1,0
2018-04-12,M,M,0.00,0.0,0
2018-04-13,M,M,0.24,0.0,0
2018-04-14,M,M,0.23,0.0,0
2018-04-15,M,M,0.00,0.0,0
2018-04-16,M,M,0.13,0.0,0
2018-04-17,M,M,1.14,1.2,1
2018-04-18,M,M,0.17,0.0,0
2018-04-19,M,M,0.00,0.0,0
2018-04-20,M,M,0.00,0.0,0
2018-04-21,M,M,0.00,0.0,0
2018-04-22,M,M,0.00,0.0,0
2018-04-23,M,M,0.00,0.0,0
2018-04-24,M,M,0.00,0.0,0
2018-04-25,M,M,0.00,0.0,0
2018-04-26,M,M,1.03,0.0,0
2018-04-27,M,M,0.51,0.0,0
2018-04-28,M,M,0.06,0.0,0
2018-04-29,M,M,0.00,0.0,0
2018-04-30,M,M,0.20,0.0,0
2018-05-01,M,M,0.00,0.0,0
2018-05-02,M,M,0.00,0.0,0
2018-05-03,M,M,0.00,0.0,0
2018-05-04,M,M,0.30,0.0,0
2018-05-05,M,M,0.33,0.0,0
2018-05-06,M,M,0.00,0.0,0
2018-05-07,M,M,0.00,0.0,0
2018-05-08,M,M,0.00,0.0,0
2018-05-09,M,M,0.00,0.0,0
2018-05-10,M,M,0.00,0.0,0
2018-05-11,M,M,0.00,0.0,0
2018-05-12,M,M,0.00,0.0,0
2018-05-13,M,M,0.00,0.0,0
2018-05-14,M,M,0.00,0.0,0
2018-05-15,M,M,0.00,0.0,0
2018-05-16,M,M,0.22,0.0,0
2018-05-17,M,M,0.00,0.0,0
2018-05-18,M,M,0.00,0.0,0
2018-05-19,M,M,0.00,0.0,0
2018-05-20,M,M,0.40,0.0,0
2018-05-21,M,M,0.04,0.0,0
2018-05-22,M,M,0.00,0.0,0
2018-05-23,M,M,0.06,0.0,0
2018-05-24,M,M,0.00,0.0,0
2018-05-25,M,M,0.00,0.0,0
2018-05-26,M,M,0.00,0.0,0
2018-05-27,M,M,0.00,0.0,0
2018-05-28,M,M,0.00,0.0,0
2018-05-29,M,M,0.00,0.0,0
2018-05-30,M,M,0.00,0.0,0
2018-05-31,M,M,0.00,0.0,0
2018-06-01,M,M,0.00,0.0,0
2018-06-02,M,M,0.50,0.0,0
2018-06-03,M,M,0.00,0.0,0
2018-06-04,M,M,0.00,0.0,0
2018-06-05,M,M,0.36,0.0,0
2018-06-06,M,M,0.06,0.0,0
2018-06-07,M,M,0.24,0.0,0
2018-06-08,M,M,0.00,0.0,0
2018-06-09,M,M,0.00,0.0,0
2018-06-10,M,M,0.00,0.0,0
2018-06-11,M,M,0.00,0.0,0
2018-06-12,M,M,0.00,0.0,0
2018-06-13,M,M,0.00,0.0,0
2018-06-14,M,M,0.15,0.0,0
2018-06-15,M,M,0.35,0.0,0
2018-06-16,M,M,0.00,0.0,0
2018-06-17,M,M,0.00,0.0,0
2018-06-18,M,M,0.09,0.0,0
2018-06-19,M,M,0.88,0.0,0
2018-06-20,M,M,0.00,0.0,0
2018-06-21,M,M,0.00,0.0,0
2018-06-22,M,M,0.00,0.0,0
2018-06-23,M,M,0.00,0.0,0
2018-06-24,M,M,0.24,0.0,0
2018-06-25,M,M,0.32,0.0,0
2018-06-26,M,M,0.14,0.0,0
2018-06-27,M,M,0.00,0.0,0
2018-06-28,M,M,0.31,0.0,0
2018-06-29,M,M,0.55,0.0,0
2018-06-30,M,M,0.07,0.0,0
2018-07-01,M,M,0.40,0.0,0
2018-07-02,M,M,0.00,0.0,0
2018-07-03,M,M,0.00,0.0,0
2018-07-04,M,M,0.00,0.0,0
2018-07-05,M,M,0.00,0.0,0
2018-07-06,M,M,0.01,0.0,0
2018-07-07,M,M,0.13,0.0,0
2018-07-08,M,M,0.00,0.0,0
2018-07-09,M,M,0.00,0.0,0
2018-07-10,M,M,0.00,0.0,0
2018-07-11,M,M,0.00,0.0,0
2018-07-12,M,M,0.00,0.0,0
2018-07-13,M,M,0.00,0.0,0
2018-07-14,M,M,0.00,0.0,0
2018-07-15,M,M,0.00,0.0,0
2018-07-16,M,M,0.95,0.0,0
2018-07-17,M,M,0.00,0.0,0
2018-07-18,M,M,0.27,0.0,0
2018-07-19,M,M,0.00,0.0,0
2018-07-20,M,M,0.00,0.0,0
2018-07-21,M,M,0.00,0.0,0
2018-07-22,M,M,0.00,0.0,0
2018-07-23,M,M,1.03,0.0,0
2018-07-24,M,M,0.08,0.0,0
2018-07-25,M,M,0.00,0.0,0
2018-07-26,M,M,0.68,0.0,0
2018-07-27,M,M,0.62,0.0,0
2018-07-28,M,M,0.05,0.0,0
2018-07-29,M,M,0.35,0.0,0
2018-07-30,M,M,0.00,0.0,0
2018-07-31,M,M,0.00,0.0,0
2018-08-01,M,M,0.00,0.0,0
2018-08-02,M,M,0.08,0.0,0
2018-08-03,M,M,0.00,0.0,0
2018-08-04,M,M,1.83,0.0,0
2018-08-05,M,M,0.66,0.0,0
2018-08-06,M,M,0.00,0.0,0
2018-08-07,M,M,0.37,0.0,0
2018-08-08,M,M,0.20,0.0,0
2018-08-09,M,M,0.24,0.0,0
2018-08-10,M,M,0.07,0.0,0
2018-08-11,M,M,0.00,0.0,0
2018-08-12,M,M,0.00,0.0,0
2018-08-13,M,M,0.00,0.0,0
2018-08-14,M,M,0.00,0.0,0
2018-08-15,M,M,0.19,0.0,0
2018-08-16,M,M,0.27,0.0,0
2018-08-17,M,M,0.00,0.0,0
2018-08-18,M,M,0.22,0.0,0
2018-08-19,M,M,0.00,0.0,0
2018-08-20,M,M,0.00,0.0,0
2018-08-21,M,M,0.00,0.0,0
2018-08-22,M,M,0.00,0.0,0
2018-08-23,M,M,0.75,0.0,0
2018-08-24,M,M,0.00,0.0,0
2018-08-25,M,M,0.00,0.0,0
2018-08-26,M,M,0.00,0.0,0
2018-08-27,M,M,0.00,0.0,0
2018-08-28,M,M,0.10,0.0,0
2018-08-29,M,M,0.00,0.0,0
2018-08-30,M,M,0.76,0.0,0
2018-08-31,M,M,0.00,0.0,0
2018-09-01,M,M,0.00,0.0,0
2018-09-02,M,M,0.01,0.0,0
2018-09-03,M,M,0.00,0.0,0
2018-09-04,M,M,0.10,0.0,0
2018-09-05,M,M,0.00,0.0,0
2018-09-06,M,M,0.00,0.0,0
2018-09-07,M,M,0.05,0.0,0
2018-09-08,M,M,0.00,0.0,0
2018-09-09,M,M,0.00,0.0,0
2018-09-10,M,M,0.00,0.0,0
2018-09-11,M,M,0.84,0.0,0
2018-09-12,M,M,0.08,0.0,0
2018-09-13,M,M,0.00,0.0,0
2018-09-14,M,M,0.00,0.0,0
2018-09-15,M,M,0.00,0.0,0
2018-09-16,M,M,0.00,0.0,0
2018-09-17,M,M,0.04,0.0,0
2018-09-18,M,M,0.00,0.0,0
2018-09-19,M,M,0.05,0.0,0
2018-09-20,M,M,0.11,0.0,0
2018-09-21,M,M,0.00,0.0,0
2018-09-22,M,M,0.39,0.0,0
2018-09-23,M,M,0.00,0.0,0
2018-09-24,M,M,0.00,0.0,0
2018-09-25,M,M,0.00,0.0,0
2018-09-26,M,M,0.92,0.0,0
2018-09-27,M,M,0.28,0.0,0
2018-09-28,M,M,0.03,0.0,0
2018-09-29,M,M,0.00,0.0,0
2018-09-30,M,M,0.00,0.0,0
2018-10-01,M,M,0.12,0.0,0
2018-10-02,M,M,0.10,0.0,0
2018-10-03,M,M,0.65,0.0,0
2018-10-04,M,M,0.05,0.0,0
2018-10-05,M,M,0.04,0.0,0
2018-10-06,M,M,0.00,0.0,0
2018-10-07,M,M,0.01,0.0,0
2018-10-08,M,M,0.03,0.0,0
2018-10-09,M,M,0.02,0.0,0
2018-10-10,M,M,0.00,0.0,0
2018-10-11,M,M,0.21,0.0,0
2018-10-12,M,M,0.62,0.0,0
2018-10-13,M,M,0.00,0.0,0
2018-10-14,M,M,0.00,0.0,0
2018-10-15,M,M,0.00,0.0,0
2018-10-16,M,M,0.30,0.0,0
2018-10-17,M,M,0.00,0.0,0
2018-10-18,M,M,0.10,0.1,0
2018-10-19,M,M,0.00,0.0,0
2018-10-20,M,M,0.00,0.0,0
2018-10-21,M,M,0.00,0.0,0
2018-10-22,M,M,0.00,0.0,0
2018-10-23,M,M,0.00,0.0,0
2018-10-24,M,M,0.80,1.3,0
2018-10-25,M,M,0.00,0.0,0
2018-10-26,M,M,0.00,0.0,0
2018-10-27,M,M,0.00,0.0,0
2018-10-28,M,M,1.26,2.7,2
2018-10-29,M,M,0.12,0.0,1
2018-10-30,M,M,0.28,0.0,0
2018-10-31,M,M,0.00,0.0,0
2018-11-01,M,M,0.04,0.0,0
2018-11-02,M,M,0.59,0.0,0
2018-11-03,M,M,1.62,0.0,0
2018-11-04,M,M,0.30,0.0,0
2018-11-05,M,M,0.00,0.0,0
2018-11-06,M,M,0.17,0.0,0
2018-11-07,M,M,0.40,0.0,0
2018-11-08,M,M,0.00,0.0,0
2018-11-09,M,M,0.00,0.0,0
2018-11-10,M,M,0.72,4.2,3
2018-11-11,M,M,0.05,0.0,2
2018-11-12,M,M,0.00,0.0,2
2018-11-13,M,M,0.22,2.4,4
2018-11-14,M,M,0.91,5.4,8
2018-11-15,M,M,0.00,0.0,8
2018-11-16,M,M,0.28,2.8,10
2018-11-17,M,M,0.35,3.4,13
2018-11-18,M,M,0.01,0.1,10
2018-11-19,M,M,0.00,0.0,10
2018-11-20,M,M,0.00,0.0,10
2018-11-21,M,M,0.24,2.8,13
2018-11-22,M,M,0.13,2.0,14
2018-11-23,M,M,0.00,0.0,12
2018-11-24,M,M,0.00,0.0,11
2018-11-25,M,M,0.03,0.0,10
2018-11-26,M,M,0.32,0.8,10
2018-11-27,M,M,0.75,7.9,18
2018-11-28,M,M,1.05,8.9,24
2018-11-29,M,M,0.11,0.9,22
2018-11-30,M,M,0.00,0.0,22
2018-12-01,M,M,0.00,0.0,20
2018-12-02,M,M,0.17,1.5,21
2018-12-03,M,M,0.85,0.5,19
2018-12-04,M,M,0.00,0.0,16
2018-12-05,M,M,0.00,0.0,16
2018-12-06,M,M,0.00,0.0,16
2018-12-07,M,M,0.00,0.0,15
2018-12-08,M,M,0.00,0.0,15
2018-12-09,M,M,0.00,0.0,15
2018-12-10,M,M,0.00,0.0,15
2018-12-11,M,M,0.00,0.0,15
2018-12-12,M,M,0.01,0.2,15
2018-12-13,M,M,0.00,0.0,15
2018-12-14,M,M,0.00,0.0,15
2018-12-15,M,M,0.00,0.0,15
2018-12-16,M,M,0.00,0.0,15
2018-12-17,M,M,0.01,0.3,15
2018-12-18,M,M,0.00,0.0,15
2018-12-19,M,M,0.00,0.0,15
2018-12-20,M,M,0.00,0.0,15
2018-12-21,M,M,0.22,0.0,14
2018-12-22,M,M,1.72,0.0,10
2018-12-23,M,M,0.10,0.0,9
2018-12-24,M,M,0.00,0.0,9
2018-12-25,M,M,0.00,0.0,9
2018-12-26,M,M,0.00,0.0,8
2018-12-27,M,M,0.00,0.0,8
2018-12-28,M,M,0.41,2.8,10
2018-12-29,M,M,0.47,1.1,12
2018-12-30,M,M,0.00,0.0,10
2018-12-31,M,M,0.00,0.0,10
2019-01-01,M,M,0.79,4.8,15
2019-01-02,M,M,0.00,0.0,15
2019-01-03,M,M,0.22,3.0,17
2019-01-04,M,M,0.05,0.7,17
2019-01-05,M,M,0.00,0.0,17
2019-01-06,M,M,0.00,0.0,17
2019-01-07,M,M,0.00,0.0,16
2019-01-08,M,M,0.23,2.6,18
2019-01-09,M,M,0.46,3.6,21
2019-01-10,M,M,0.81,7.2,27
2019-01-11,M,M,0.00,0.0,26
2019-01-12,M,M,0.00,0.0,26
2019-01-13,M,M,0.00,0.0,26
2019-01-14,M,M,0.00,0.0,26
2019-01-15,M,M,0.00,0.0,25
2019-01-16,M,M,0.00,0.0,24
2019-01-17,M,M,0.00,0.0,24
2019-01-18,M,M,0.00,0.0,24
2019-01-19,M,M,0.00,0.0,24
2019-01-20,M,M,0.85,8.4,31
2019-01-21,M,M,0.81,4.6,35
2019-01-22,M,M,0.00,0.0,34
2019-01-23,M,M,0.00,0.0,34
2019-01-24,M,M,0.05,0.0,33
2019-01-25,M,M,1.07,0.0,32
2019-01-26,M,M,0.00,0.0,32
2019-01-27,M,M,0.00,0.0,32
2019-01-28,M,M,0.20,3.7,33
2019-01-29,M,M,0.00,0.0,32
2019-01-30,M,M,0.47,4.9,37
2019-01-31,M,M,0.00,0.0,37
2019-02-01,M,M,0.00,0.0,37
2019-02-02,M,M,0.00,0.0,37
2019-02-03,M,M,0.07,0.4,36
2019-02-04,M,M,0.17,0.7,37
2019-02-05,M,M,0.01,0.0,35
2019-02-06,M,M,0.00,0.0,33
2019-02-07,M,M,0.11,0.4,33
2019-02-08,M,M,0.09,0.0,32
2019-02-09,M,M,0.00,0.0,32
2019-02-10,M,M,0.00,0.0,32
2019-02-11,M,M,0.00,0.0,32
2019-02-12,M,M,0.00,0.0,32
2019-02-13,M,M,1.32,9.9,42
2019-02-14,M,M,0.11,1.2,42
2019-02-15,M,M,0.00,0.0,42
2019-02-16,M,M,0.37,2.7,45
2019-02-17,M,M,0.00,0.0,45
2019-02-18,M,M,0.01,0.1,45
2019-02-19,M,M,0.09,1.7,46
2019-02-20,M,M,0.00,0.0,45
2019-02-21,M,M,0.41,4.7,49
2019-02-22,M,M,0.00,0.0,48
2019-02-23,M,M,0.00,0.0,48
2019-02-24,M,M,0.01,0.1,48
2019-02-25,M,M,0.96,6.1,54
2019-02-26,M,M,0.00,0.0,52
2019-02-27,M,M,0.00,0.0,52
2019-02-28,M,M,0.00,0.0,52
2019-03-01,M,M,0.00,0.0,51
2019-03-02,M,M,0.00,0.0,51
2019-03-03,M,M,0.01,0.1,51
2019-03-04,M,M,0.65,2.6,53
2019-03-05,M,M,0.05,0.7,52
2019-03-06,M,M,0.00,0.0,51
2019-03-07,M,M,0.00,0.0,50
2019-03-08,M,M,0.00,0.0,50
2019-03-09,M,M,0.00,0.0,50
2019-03-10,M,M,0.00,0.0,49
2019-03-11,M,M,0.47,4.0,53
2019-03-12,M,M,0.06,0.7,52
2019-03-13,M,M,0.00,0.0,51
2019-03-14,M,M,0.04,0.5,51
2019-03-15,M,M,0.00,0.0,48
2019-03-16,M,M,0.00,0.0,45
2019-03-17,M,M,0.00,0.0,44
2019-03-18,M,M,0.00,0.0,43
2019-03-19,M,M,0.00,0.0,43
2019-03-20,M,M,0.00,0.0,42
2019-03-21,M,M,0.00,0.0,42
2019-03-22,M,M,0.00,0.0,42
2019-03-23,M,M,0.66,2.6,42
2019-03-24,M,M,0.00,0.0,41
2019-03-25,M,M,0.00,0.0,39
2019-03-26,M,M,0.00,0.0,39
2019-03-27,M,M,0.00,0.0,39
2019-03-28,M,M,0.00,0.0,39
2019-03-29,M,M,0.00,0.0,38
2019-03-30,M,M,0.00,0.0,34
2019-03-31,M,M,0.03,0.0,34
2019-04-01,M,M,0.32,0.0,32
2019-04-02,M,M,0.00,0.0,32
2019-04-03,M,M,0.01,0.0,32
2019-04-04,M,M,0.15,1.7,31
2019-04-05,M,M,0.00,0.0,31
2019-04-06,M,M,0.02,0.3,31
2019-04-07,M,M,0.00,0.0,25
2019-04-08,M,M,0.15,1.2,23
2019-04-09,M,M,0.66,3.7,27
2019-04-10,M,M,0.28,3.0,30
2019-04-11,M,M,0.00,0.0,30
2019-04-12,M,M,0.00,0.0,27
2019-04-13,M,M,0.00,0.0,24
2019-04-14,M,M,0.00,0.0,18
2019-04-15,M,M,0.91,0.0,15
2019-04-16,M,M,0.00,0.0,12
2019-04-17,M,M,0.00,0.0,10
2019-04-18,M,M,0.00,0.0,8
2019-04-19,M,M,0.10,0.0,7
2019-04-20,M,M,0.45,0.0,5
2019-04-21,M,M,0.89,0.0,2
2019-04-22,M,M,0.00,0.0,0
2019-04-23,M,M,0.36,0.0,0
2019-04-24,M,M,0.18,0.0,0
2019-04-25,M,M,0.05,0.0,0
2019-04-26,M,M,0.00,0.0,0
2019-04-27,M,M,1.32,0.0,0
2019-04-28,M,M,0.39,0.0,0
2019-04-29,M,M,0.00,0.0,0
2019-04-30,M,M,0.00,0.0,0
2019-05-01,M,M,0.00,0.0,0
2019-05-02,M,M,0.44,0.0,0
2019-05-03,M,M,0.07,0.0,0
2019-05-04,M,M,0.30,0.0,0
2019-05-05,M,M,0.00,0.0,0
2019-05-06,M,M,0.00,0.0,0
2019-05-07,M,M,0.00,0.0,0
2019-05-08,M,M,0.00,0.0,0
2019-05-09,M,M,0.00,0.0,0
2019-05-10,M,M,0.33,0.0,0
2019-05-11,M,M,0.88,0.0,0
2019-05-12,M,M,0.00,0.0,0
2019-05-13,M,M,0.00,0.0,0
2019-05-14,M,M,0.44,0.1,0
2019-05-15,M,M,0.09,0.0,0
2019-05-16,M,M,0.00,0.0,0
2019-05-17,M,M,0.00,0.0,0
2019-05-18,M,M,0.09,0.0,0
2019-05-19,M,M,0.01,0.0,0
2019-05-20,M,M,0.88,0.0,0
2019-05-21,M,M,0.44,0.0,0
2019-05-22,M,M,0.03,0.0,0
2019-05-23,M,M,0.00,0.0,0
2019-05-24,M,M,0.60,0.0,0
2019-05-25,M,M,0.00,0.0,0
2019-05-26,M,M,0.42,0.0,0
2019-05-27,M,M,0.00,0.0,0
2019-05-28,M,M,0.00,0.0,0
2019-05-29,M,M,0.39,0.0,0
2019-05-30,M,M,0.00,0.0,0
2019-05-31,M,M,0.00,0.0,0
2019-06-01,M,M,0.00,0.0,0
2019-06-02,M,M,0.08,0.0,0
2019-06-03,M,M,S,M,M
2019-06-04,M,M,0.01A,0.0,0
2019-06-05,M,M,0.00,0.0,0
2019-06-06,M,M,0.33,0.0,0
2019-06-07,M,M,S,M,M
2019-06-08,M,M,0.02A,0.0,0
2019-06-09,M,M,0.00,0.0,0
2019-06-10,M,M,0.00,0.0,0
2019-06-11,M,M,0.46,0.0,0
2019-06-12,M,M,0.43,0.0,0
2019-06-13,M,M,0.00,0.0,0
2019-06-14,M,M,0.35,0.0,0
2019-06-15,M,M,0.03,0.0,0
2019-06-16,M,M,0.00,0.0,0
2019-06-17,M,M,0.00,0.0,0
2019-06-18,M,M,0.00,0.0,0
2019-06-19,M,M,0.00,0.0,0
2019-06-20,M,M,0.26,0.0,0
2019-06-21,M,M,1.03,0.0,0
2019-06-22,M,M,0.00,0.0,0
2019-06-23,M,M,0.01,0.0,0
2019-06-24,M,M,0.00,0.0,0
2019-06-25,M,M,0.00,0.0,0
2019-06-26,M,M,0.40,0.0,0
2019-06-27,M,M,0.00,0.0,0
2019-06-28,M,M,0.00,0.0,0
2019-06-29,M,M,0.00,0.0,0
2019-06-30,M,M,0.49,0.0,0
2019-07-01,M,M,0.48,0.0,0
2019-07-02,M,M,0.00,0.0,0
2019-07-03,M,M,0.00,0.0,0
2019-07-04,M,M,0.00,0.0,0
2019-07-05,M,M,0.00,0.0,0
2019-07-06,M,M,0.00,0.0,0
2019-07-07,M,M,0.45,0.0,0
2019-07-08,M,M,0.00,0.0,0
2019-07-09,M,M,0.00,0.0,0
2019-07-10,M,M,0.00,0.0,0
2019-07-11,M,M,0.04,0.0,0
2019-07-12,M,M,0.50,0.0,0
2019-07-13,M,M,0.02,0.0,0
2019-07-14,M,M,0.20,0.0,0
2019-07-15,M,M,0.00,0.0,0
2019-07-16,M,M,0.00,0.0,0
2019-07-17,M,M,0.00,0.0,0
2019-07-18,M,M,0.54,0.0,0
2019-07-19,M,M,0.00,0.0,0
2019-07-20,M,M,0.02,0.0,0
2019-07-21,M,M,0.00,0.0,0
2019-07-22,M,M,0.10,0.0,0
2019-07-23,M,M,0.05,0.0,0
2019-07-24,M,M,0.07,0.0,0
2019-07-25,M,M,0.00,0.0,0
2019-07-26,M,M,0.00,0.0,0
2019-07-27,M,M,0.00,0.0,0
2019-07-28,M,M,0.00,0.0,0
2019-07-29,M,M,0.00,0.0,0
2019-07-30,M,M,0.00,0.0,0
2019-07-31,M,M,0.10,0.0,0
2019-08-01,M,M,0.15,0.0,0
2019-08-02,M,M,0.00,0.0,0
2019-08-03,M,M,0.00,0.0,0
2019-08-04,M,M,0.00,0.0,0
2019-08-05,M,M,0.00,0.0,0
2019-08-06,M,M,0.00,0.0,0
2019-08-07,M,M,0.00,0.0,0
2019-08-08,M,M,0.82,0.0,0
2019-08-09,M,M,0.46,0.0,0
2019-08-10,M,M,0.10,0.0,0
2019-08-11,M,M,0.05,0.0,0
2019-08-12,M,M,0.00,0.0,0
2019-08-13,M,M,0.24,0.0,0
2019-08-14,M,M,0.00,0.0,0
2019-08-15,M,M,0.00,0.0,0
2019-08-16,M,M,0.35,0.0,0
2019-08-17,M,M,0.16,0.0,0
2019-08-18,M,M,0.43,0.0,0
2019-08-19,M,M,0.14,0.0,0
2019-08-20,M,M,0.07,0.0,0
2019-08-21,M,M,0.00,0.0,0
2019-08-22,M,M,0.18,0.0,0
2019-08-23,M,M,0.00,0.0,0
2019-08-24,M,M,0.00,0.0,0
2019-08-25,M,M,0.00,0.0,0
2019-08-26,M,M,0.00,0.0,0
2019-08-27,M,M,0.00,0.0,0
2019-08-28,M,M,0.00,0.0,0
2019-08-29,M,M,0.98,0.0,0
2019-08-30,M,M,0.00,0.0,0
2019-08-31,M,M,0.00,0.0,0
2019-09-01,M,M,0.00,0.0,0
2019-09-02,M,M,0.35,0.0,0
2019-09-03,M,M,0.28,0.0,0
2019-09-04,M,M,0.06,0.0,0
2019-09-05,M,M,0.04,0.0,0
2019-09-06,M,M,0.00,0.0,0
2019-09-07,M,M,0.00,0.0,0
2019-09-08,M,M,0.00,0.0,0
2019-09-09,M,M,0.00,0.0,0
2019-09-10,M,M,0.00,0.0,0
2019-09-11,M,M,0.14,0.0,0
2019-09-12,M,M,0.00,0.0,0
2019-09-13,M,M,0.00,0.0,0
2019-09-14,M,M,0.00,0.0,0
2019-09-15,M,M,0.08,0.0,0
2019-09-16,M,M,0.00,0.0,0
2019-09-17,M,M,0.00,0.0,0
2019-09-18,M,M,0.00,0.0,0
2019-09-19,M,M,0.00,0.0,0
2019-09-20,M,M,0.00,0.0,0
2019-09-21,M,M,0.00,0.0,0
2019-09-22,M,M,0.00,0.0,0
2019-09-23,M,M,0.00,0.0,0
2019-09-24,M,M,2.23,0.0,0
2019-09-25,M,M,0.00,0.0,0
2019-09-26,M,M,0.00,0.0,0
2019-09-27,M,M,0.31,0.0,0
2019-09-28,M,M,0.00,0.0,0
2019-09-29,M,M,0.02,0.0,0
2019-09-30,M,M,0.00,0.0,0
2019-10-01,M,M,0.16,0.0,0
2019-10-02,M,M,0.84,0.0,0
2019-10-03,M,M,0.00,0.0,0
2019-10-04,M,M,0.15,0.0,0
2019-10-05,M,M,0.00,0.0,0
2019-10-06,M,M,0.00,0.0,0
2019-10-07,M,M,0.10,0.0,0
2019-10-08,M,M,0.65,0.0,0
2019-10-09,M,M,0.00,0.0,0
2019-10-10,M,M,0.00,0.0,0
2019-10-11,M,M,0.00,0.0,0
2019-10-12,M,M,0.02,0.0,0
2019-10-13,M,M,0.03,0.0,0
2019-10-14,M,M,0.00,0.0,0
2019-10-15,M,M,0.00,0.0,0
2019-10-16,M,M,0.00,0.0,0
2019-10-17,M,M,0.92,0.0,0
2019-10-18,M,M,0.38,0.0,0
2019-10-19,M,M,0.00,0.0,0
2019-10-20,M,M,0.00,0.0,0
2019-10-21,M,M,0.00,0.0,0
2019-10-22,M,M,0.00,0.0,0
2019-10-23,M,M,1.19,0.0,0
2019-10-24,M,M,0.51,0.0,0
2019-10-25,M,M,0.00,0.0,0
2019-10-26,M,M,0.03,0.0,0
2019-10-27,M,M,0.00,0.0,0
2019-10-28,M,M,1.09,0.0,0
2019-10-29,M,M,0.06,0.0,0
2019-10-30,M,M,0.05,0.0,0
2019-10-31,M,M,0.28,0.0,0
2019-11-01,M,M,0.55,0.0,0
2019-11-02,M,M,0.00,0.0,0
2019-11-03,M,M,0.00,0.0,0
2019-11-04,M,M,0.00,0.0,0
2019-11-05,M,M,0.00,0.0,0
2019-11-06,M,M,0.20,0.0,0
2019-11-07,M,M,0.00,0.0,0
2019-11-08,M,M,0.02,0.0,0
2019-11-09,M,M,0.00,0.0,0
2019-11-10,M,M,0.00,0.0,0
2019-11-11,M,M,0.00,0.0,0
2019-11-12,M,M,0.52,3.8,3
2019-11-13,M,M,0.10,0.4,4
2019-11-14,M,M,0.00,0.0,4
2019-11-15,M,M,0.00,0.0,4
2019-11-16,M,M,0.03,0.4,4
2019-11-17,M,M,0.00,0.0,4
2019-11-18,M,M,0.00,0.0,3
2019-11-19,M,M,0.18,0.0,3
2019-11-20,M,M,0.22,0.0,2
2019-11-21,M,M,0.00,0.0,2
2019-11-22,M,M,0.02,0.0,0
2019-11-23,M,M,0.08,0.0,0
2019-11-24,M,M,0.00,0.0,0
2019-11-25,M,M,1.00,7.9,8
2019-11-26,M,M,0.00,0.0,7
2019-11-27,M,M,0.00,0.0,6
2019-11-28,M,M,0.91,6.9,11
2019-11-29,M,M,0.00,0.0,11
2019-11-30,M,M,0.00,0.0,10
2019-12-01,M,M,0.00,0.0,9
2019-12-02,M,M,0.00,0.0,8
2019-12-03,M,M,0.00,0.0,8
2019-12-04,M,M,0.19,1.6,9
2019-12-05,M,M,0.00,0.0,9
2019-12-06,M,M,0.00,0.0,9
2019-12-07,M,M,0.04,0.3,9
2019-12-08,M,M,0.00,0.0,9
2019-12-09,M,M,0.02,0.0,8
2019-12-10,M,M,0.33,0.0,6
2019-12-11,M,M,0.05,0.0,5
2019-12-12,M,M,0.00,0.0,4
2019-12-13,M,M,0.00,0.0,4
2019-12-14,M,M,0.53,0.3,3
2019-12-15,M,M,1.37,0.0,3
2019-12-16,M,M,0.00,0.0,3
2019-12-17,M,M,0.00,0.0,2
2019-12-18,M,M,0.24,3.8,5
2019-12-19,M,M,0.20,2.7,6
2019-12-20,M,M,0.00,0.0,6
2019-12-21,M,M,0.00,0.0,6
2019-12-22,M,M,0.00,0.0,6
2019-12-23,M,M,0.00,0.0,6
2019-12-24,M,M,0.00,0.0,5
2019-12-25,M,M,0.00,0.0,5
2019-12-26,M,M,0.00,0.0,5
2019-12-27,M,M,0.01,0.0,5
2019-12-28,M,M,0.05,0.0,4
2019-12-29,M,M,0.00,0.0,4
2019-12-30,M,M,0.00,0.0,4
2019-12-31,M,M,0.64,4.4,8
2020-01-01,M,M,0.36,3.4,11
2020-01-02,M,M,0.00,0.0,10
2020-01-03,M,M,0.00,0.0,10
2020-01-04,M,M,0.00,0.0,8
2020-01-05,M,M,0.21,2.0,10
2020-01-06,M,M,0.00,0.0,10
2020-01-07,M,M,0.08,1.6,11
2020-01-08,M,M,0.08,1.5,12
2020-01-09,M,M,0.00,0.0,12
2020-01-10,M,M,0.00,0.0,11
2020-01-11,M,M,0.08,0.0,11
2020-01-12,M,M,0.71,0.0,7
2020-01-13,M,M,0.34,1.0,7
2020-01-14,M,M,0.07,0.5,7
2020-01-15,M,M,0.17,1.9,9
2020-01-16,M,M,0.08,1.0,10
2020-01-17,M,M,0.29,3.1,13
2020-01-18,M,M,0.00,0.0,13
2020-01-19,M,M,0.43,6.2,19
2020-01-20,M,M,0.00,0.0,19
2020-01-21,M,M,0.00,0.0,19
2020-01-22,M,M,0.00,0.0,19
2020-01-23,M,M,0.00,0.0,18
2020-01-24,M,M,0.00,0.0,18
2020-01-25,M,M,0.01,0.1,18
2020-01-26,M,M,0.58,0.5,15
2020-01-27,M,M,0.00,0.0,14
2020-01-28,M,M,0.01,0.1,14
2020-01-29,M,M,0.00,0.0,14
2020-01-30,M,M,0.00,0.0,14
2020-01-31,M,M,0.00,0.0,14
2020-02-01,M,M,0.00,0.0,14
2020-02-02,M,M,0.00,0.0,13
2020-02-03,M,M,0.00,0.0,13
2020-02-04,M,M,0.00,0.0,13
2020-02-05,M,M,0.00,0.0,13
2020-02-06,M,M,0.11,1.3,14
2020-02-07,M,M,0.40,1.6,16
2020-02-08,M,M,0.84,3.1,19
2020-02-09,M,M,0.00,0.0,19
2020-02-10,M,M,0.16,2.8,21
2020-02-11,M,M,0.00,0.0,21
2020-02-12,M,M,0.01,0.4,20
2020-02-13,M,M,0.00,0.0,20
2020-02-14,M,M,0.10,0.5,20
2020-02-15,M,M,0.00,0.0,20
2020-02-16,M,M,0.01,0.3,20
2020-02-17,M,M,0.00,0.0,20
2020-02-18,M,M,0.00,0.0,20
2020-02-19,M,M,0.74,8.9,29
2020-02-20,M,M,0.00,0.0,29
2020-02-21,M,M,0.00,0.0,29
2020-02-22,M,M,0.00,0.0,29
2020-02-23,M,M,0.00,0.0,27
2020-02-24,M,M,0.00,0.0,25
2020-02-25,M,M,0.00,0.0,22
2020-02-26,M,M,0.02,0.0,19
2020-02-27,M,M,0.22,0.7,19
2020-02-28,M,M,1.32,11.1,29
2020-02-29,M,M,0.00,0.0,29
2020-03-01,M,M,0.00,0.0,29
2020-03-02,M,M,0.00,0.0,28
2020-03-03,M,M,0.03,0.0,27
2020-03-04,M,M,0.21,0.0,21
2020-03-05,M,M,0.02,0.2,21
2020-03-06,M,M,0.00,0.0,21
2020-03-07,M,M,0.00,0.0,20
2020-03-08,M,M,0.00,0.0,20
2020-03-09,M,M,0.00,0.0,20
2020-03-10,M,M,0.00,0.0,19
2020-03-11,M,M,0.00,0.0,19
2020-03-12,M,M,0.00,0.0,17
2020-03-13,M,M,0.14,1.0,18
2020-03-14,M,M,0.69,0.0,17
2020-03-15,M,M,0.00,0.0,17
2020-03-16,M,M,0.00,0.0,17
2020-03-17,M,M,0.00,0.0,17
2020-03-18,M,M,0.15,1.5,19
2020-03-19,M,M,0.00,0.0,18
2020-03-20,M,M,0.12,0.0,17
2020-03-21,M,M,0.00,0.0,15
2020-03-22,M,M,0.00,0.0,14
2020-03-23,M,M,0.00,0.0,14
2020-03-24,M,M,0.83,11.4,26
2020-03-25,M,M,0.00,0.0,20
2020-03-26,M,M,0.00,0.0,19
2020-03-27,M,M,0.01,0.0,15
2020-03-28,M,M,0.00,0.0,15
2020-03-29,M,M,0.00,0.0,14
2020-03-30,M,M,1.02,6.7,19
2020-03-31,M,M,0.11,0.7,20
2020-04-01,M,M,0.00,0.0,17
2020-04-02,M,M,0.03,0.0,15
2020-04-03,M,M,1.58,0.0,14
2020-04-04,M,M,0.25,0.0,12
2020-04-05,M,M,0.00,0.0,11
2020-04-06,M,M,0.00,0.0,10
2020-04-07,M,M,0.00,0.0,6
2020-04-08,M,M,0.00,0.0,4
2020-04-09,M,M,0.00,0.0,4
2020-04-10,M,M,1.42,13.1,17
2020-04-11,M,M,T,T,11
2020-04-12,M,M,0.00,0.0,7
2020-04-13,M,M,0.01,0.0,7
2020-04-14,M,M,1.04,0.0,2
2020-04-15,M,M,0.00,0.0,1
2020-04-16,M,M,0.00,0.0,1
2020-04-17,M,M,0.00,0.0,0
2020-04-18,M,M,0.00,0.0,0
2020-04-19,M,M,0.00,0.0,0
2020-04-20,M,M,0.00,0.0,0
2020-04-21,M,M,0.00,0.0,0
2020-04-22,M,M,0.24,2.0,2
2020-04-23,M,M,0.00,0.0,0
2020-04-24,M,M,0.00,0.0,0
2020-04-25,M,M,0.00,0.0,0
2020-04-26,M,M,0.00,0.0,0
2020-04-27,M,M,0.63,0.3,0
2020-04-28,M,M,0.22,0.0,0
2020-04-29,M,M,0.00,0.0,0
2020-04-30,M,M,0.00,0.0,0
2020-05-01,M,M,0.25,0.0,0
2020-05-02,M,M,1.20,0.0,0
2020-05-03,M,M,0.01,0.0,0
2020-05-04,M,M,0.00,0.0,0
2020-05-05,M,M,0.00,0.0,0
2020-05-06,M,M,0.00,0.0,0
2020-05-07,M,M,0.00,0.0,0
2020-05-08,M,M,0.03,0.5,0
2020-05-09,M,M,0.23,3.3,3
2020-05-10,M,M,0.05,0.7,1
2020-05-11,M,M,0.00,0.0,0
2020-05-12,M,M,0.50,0.0,0
2020-05-13,M,M,0.00,0.0,0
2020-05-14,M,M,0.00,0.0,0
2020-05-15,M,M,0.00,0.0,0
2020-05-16,M,M,0.78,0.0,0
2020-05-17,M,M,0.00,0.0,0
2020-05-18,M,M,0.00,0.0,0
2020-05-19,M,M,0.00,0.0,0
2020-05-20,M,M,0.00,0.0,0
2020-05-21,M,M,0.00,0.0,0
2020-05-22,M,M,0.00,0.0,0
2020-05-23,M,M,0.00,0.0,0
2020-05-24,M,M,0.00,0.0,0
2020-05-25,M,M,0.00,0.0,0
2020-05-26,M,M,0.00,0.0,0
2020-05-27,M,M,0.00,0.0,0
2020-05-28,M,M,0.00,0.0,0
2020-05-29,M,M,0.00,0.0,0
2020-05-30,M,M,T,0.0,0
2020-05-31,M,M,0.01,0.0,0
2020-06-01,M,M,0.00,0.0,0
2020-06-02,M,M,0.00,0.0,0
2020-06-03,M,M,0.03,0.0,0
2020-06-04,M,M,0.00,0.0,0
2020-06-05,M,M,0.00,0.0,0
2020-06-06,M,M,0.17,0.0,0
2020-06-07,M,M,T,0.0,0
2020-06-08,M,M,0.00,0.0,0
2020-06-09,M,M,0.00,0.0,0
2020-06-10,M,M,0.00,0.0,0
2020-06-11,M,M,0.04,0.0,0
2020-06-12,M,M,0.09,0.0,0
2020-06-13,M,M,0.00,0.0,0
2020-06-14,M,M,0.00,0.0,0
2020-06-15,M,M,0.00,0.0,0
2020-06-16,M,M,0.00,0.0,0
2020-06-17,M,M,0.00,0.0,0
2020-06-18,M,M,0.00,0.0,0
2020-06-19,M,M,0.00,0.0,0
2020-06-20,M,M,0.00,0.0,0
2020-06-21,M,M,0.00,0.0,0
2020-06-22,M,M,0.00,0.0,0
2020-06-23,M,M,0.00,0.0,0
2020-06-24,M,M,0.01,0.0,0
2020-06-25,M,M,0.04,0.0,0
2020-06-26,M,M,0.00,0.0,0
2020-06-27,M,M,0.00,0.0,0
2020-06-28,M,M,0.20,0.0,0
2020-06-29,M,M,1.35,0.0,0
2020-06-30,M,M,2.44,0.0,0
2020-07-01,M,M,0.83,0.0,0
2020-07-02,M,M,0.05,0.0,0
2020-07-03,M,M,0.00,0.0,0
2020-07-04,M,M,0.00,0.0,0
2020-07-05,M,M,0.00,0.0,0
2020-07-06,M,M,1.53,0.0,0
2020-07-07,M,M,0.00,0.0,0
2020-07-08,M,M,0.00,0.0,0
2020-07-09,M,M,1.08,0.0,0
2020-07-10,M,M,0.00,0.0,0
2020-07-11,M,M,0.39,0.0,0
2020-07-12,M,M,0.43,0.0,0
2020-07-13,M,M,0.05,0.0,0
2020-07-14,M,M,0.00,0.0,0
2020-07-15,M,M,0.81,0.0,0
2020-07-16,M,M,0.00,0.0,0
2020-07-17,M,M,0.02,0.0,0
2020-07-18,M,M,0.00,0.0,0
2020-07-19,M,M,0.00,0.0,0
2020-07-20,M,M,0.17,0.0,0
2020-07-21,M,M,0.00,0.0,0
2020-07-22,M,M,0.00,0.0,0
2020-07-23,M,M,0.00,0.0,0
2020-07-24,M,M,0.05,0.0,0
2020-07-25,M,M,0.00,0.0,0
2020-07-26,M,M,0.00,0.0,0
2020-07-27,M,M,0.00,0.0,0
2020-07-28,M,M,0.15,0.0,0
2020-07-29,M,M,0.00,0.0,0
2020-07-30,M,M,0.00,0.0,0
2020-07-31,M,M,0.00,0.0,0
2020-08-01,M,M,0.00,0.0,0
2020-08-02,M,M,0.00,0.0,0
2020-08-03,M,M,0.03,0.0,0
2020-08-04,M,M,0.00,0.0,0
2020-08-05,M,M,1.17,0.0,0
2020-08-06,M,M,0.00,0.0,0
2020-08-07,M,M,0.00,0.0,0
2020-08-08,M,M,0.00,0.0,0
2020-08-09,M,M,0.00,0.0,0
2020-08-10,M,M,0.00,0.0,0
2020-08-11,M,M,0.00,0.0,0
2020-08-12,M,M,0.00,0.0,0
2020-08-13,M,M,0.00,0.0,0
2020-08-14,M,M,0.00,0.0,0
2020-08-15,M,M,0.00,0.0,0
2020-08-16,M,M,0.00,0.0,0
2020-08-17,M,M,0.00,0.0,0
2020-08-18,M,M,0.05,0.0,0
2020-08-19,M,M,0.18,0.0,0
2020-08-20,M,M,0.02,0.0,0
2020-08-21,M,M,0.01,0.0,0
2020-08-22,M,M,0.06,0.0,0
2020-08-23,M,M,0.05,0.0,0
2020-08-24,M,M,0.00,0.0,0
2020-08-25,M,M,0.09,0.0,0
2020-08-26,M,M,0.00,0.0,0
2020-08-27,M,M,0.00,0.0,0
2020-08-28,M,M,0.00,0.0,0
2020-08-29,M,M,0.05,0.0,0
2020-08-30,M,M,0.47,0.0,0
2020-08-31,M,M,0.00,0.0,0
2020-09-01,M,M,0.00,0.0,0
2020-09-02,M,M,0.00,0.0,0
2020-09-03,M,M,0.20,0.0,0
2020-09-04,M,M,0.00,0.0,0
2020-09-05,M,M,0.00,0.0,0
2020-09-06,M,M,0.00,0.0,0
2020-09-07,M,M,0.00,0.0,0
2020-09-08,M,M,0.00,0.0,0
2020-09-09,M,M,0.00,0.0,0
2020-09-10,M,M,0.03,0.0,0
2020-09-11,M,M,0.00,0.0,0
2020-09-12,M,M,0.00,0.0,0
2020-09-13,M,M,0.00,0.0,0
2020-09-14,M,M,0.01,0.0,0
2020-09-15,M,M,0.00,0.0,0
2020-09-16,M,M,0.00,0.0,0
2020-09-17,M,M,0.00,0.0,0
2020-09-18,M,M,0.00,0.0,0
2020-09-19,M,M,0.00,0.0,0
2020-09-20,M,M,0.00,0.0,0
2020-09-21,M,M,0.00,0.0,0
2020-09-22,M,M,0.00,0.0,0
2020-09-23,M,M,0.00,0.0,0
2020-09-24,M,M,0.00,0.0,0
2020-09-25,M,M,0.00,0.0,0
2020-09-26,M,M,0.00,0.0,0
2020-09-27,M,M,0.00,0.0,0
2020-09-28,M,M,0.01,0.0,0
2020-09-29,M,M,0.00,0.0,0
2020-09-30,M,M,0.53,0.0,0
2020-10-01,M,M,0.26,0.0,0
2020-10-02,M,M,0.00,0.0,0
2020-10-03,M,M,0.43,0.0,0
2020-10-04,M,M,0.05,0.0,0
2020-10-05,M,M,0.00,0.0,0
2020-10-06,M,M,0.00,0.0,0
2020-10-07,M,M,0.01,0.0,0
2020-10-08,M,M,0.21,0.0,0
2020-10-09,M,M,0.00,0.0,0
2020-10-10,M,M,0.00,0.0,0
2020-10-11,M,M,0.58,0.0,0
2020-10-12,M,M,0.00,0.0,0
2020-10-13,M,M,0.00,0.0,0
2020-10-14,M,M,2.23,0.0,0
2020-10-15,M,M,0.00,0.0,0
2020-10-16,M,M,0.00,0.0,0
2020-10-17,M,M,1.68,0.0,0
2020-10-18,M,M,0.56,0.0,0
2020-10-19,M,M,0.00,0.0,0
2020-10-20,M,M,0.14,0.0,0
2020-10-21,M,M,0.08,0.0,0
2020-10-22,M,M,0.08,0.0,0
2020-10-23,M,M,0.05,0.0,0
2020-10-24,M,M,0.03,0.0,0
2020-10-25,M,M,0.00,0.0,0
2020-10-26,M,M,0.00,0.0,0
2020-10-27,M,M,0.17,0.0,0
2020-10-28,M,M,0.00,0.0,0
2020-10-29,M,M,0.06,0.0,0
2020-10-30,M,M,0.00,0.0,0
2020-10-31,M,M,0.00,0.0,0
2020-11-01,M,M,0.00,0.0,0
2020-11-02,M,M,0.41,0.0,0
2020-11-03,M,M,0.10,1.6,1
2020-11-04,M,M,0.00,0.0,0
2020-11-05,M,M,0.00,0.0,0
2020-11-06,M,M,0.00,0.0,0
2020-11-07,M,M,0.00,0.0,0
2020-11-08,M,M,0.00,0.0,0
2020-11-09,M,M,0.00,0.0,0
2020-11-10,M,M,0.00,0.0,0
2020-11-11,M,M,0.00,0.0,0
2020-11-12,M,M,0.01,0.0,0
2020-11-13,M,M,0.00,0.0,0
2020-11-14,M,M,0.07,0.0,0
2020-11-15,M,M,0.00,0.0,0
2020-11-16,M,M,0.64,0.0,0
2020-11-17,M,M,0.01,0.0,0
2020-11-18,M,M,0.00,0.0,0
2020-11-19,M,M,0.00,0.0,0
2020-11-20,M,M,0.00,0.0,0
2020-11-21,M,M,0.00,0.0,0
2020-11-22,M,M,0.00,0.0,0
2020-11-23,M,M,0.22,0.0,0
2020-11-24,M,M,0.40,0.0,0
2020-11-25,M,M,0.01,0.0,0
2020-11-26,M,M,0.40,1.3,1
2020-11-27,M,M,0.10,0.0,1
2020-11-28,M,M,0.00,0.0,0
2020-11-29,M,M,0.00,0.0,0
2020-11-30,M,M,0.00,0.0,0
2020-12-01,M,M,2.27,0.0,0
2020-12-02,M,M,0.12,0.0,0
2020-12-03,M,M,0.03,0.2,0
2020-12-04,M,M,0.00,0.0,0
2020-12-05,M,M,0.01,0.0,0
2020-12-06,M,M,0.91,7.3,7
2020-12-07,M,M,0.00,0.0,7
2020-12-08,M,M,0.00,0.0,6
2020-12-09,M,M,0.00,0.0,6
2020-12-10,M,M,0.02,0.2,5
2020-12-11,M,M,0.00,0.0,5
2020-12-12,M,M,0.00,0.0,5
2020-12-13,M,M,0.23,0.0,4
2020-12-14,M,M,0.00,0.0,4
2020-12-15,M,M,0.02,0.2,4
2020-12-16,M,M,0.00,0.0,4
2020-12-17,M,M,0.00,0.0,4
2020-12-18,M,M,0.14,1.5,5
2020-12-19,M,M,0.00,0.0,5
2020-12-20,M,M,0.00,0.0,5
2020-12-21,M,M,0.13,1.8,7
2020-12-22,M,M,0.01,0.0,7
2020-12-23,M,M,0.00,0.0,6
2020-12-24,M,M,0.00,0.0,6
2020-12-25,M,M,0.44,0.0,2
2020-12-26,M,M,1.24,0.0,0
2020-12-27,M,M,0.00,0.0,0
2020-12-28,M,M,0.00,0.0,0
2020-12-29,M,M,0.03,0.0,0
2020-12-30,M,M,0.00,0.0,0
2020-12-31,M,M,0.08,0.7,1
2021-01-01,M,M,0.00,0.0,T
2021-01-02,M,M,0.32,3.0,3
2021-01-03,M,M,0.50,4.7,8
2021-01-04,M,M,0.02,0.3,7
2021-01-05,M,M,0.01,0.2,7
2021-01-06,M,M,0.11,1.1,8
2021-01-07,M,M,0.00,0.0,8
2021-01-08,M,M,0.00,0.0,8
2021-01-09,M,M,0.00,0.0,8
2021-01-10,M,M,0.00,0.0,7
2021-01-11,M,M,0.00,0.0,6
2021-01-12,M,M,0.03,1.0,7
2021-01-13,M,M,0.00,0.0,6
2021-01-14,M,M,0.00,0.0,6
2021-01-15,M,M,0.00,0.0,6
2021-01-16,M,M,0.06,0.4,6
2021-01-17,M,M,1.64,7.8,15
2021-01-18,M,M,0.01,0.0,13
2021-01-19,M,M,0.00,0.0,13
2021-01-20,M,M,0.01,0.0,13
2021-01-21,M,M,0.00,0.0,13
2021-01-22,M,M,0.04,0.4,13
2021-01-23,M,M,0.00,0.0,13
2021-01-24,M,M,0.00,0.0,13
2021-01-25,M,M,0.00,0.0,13
2021-01-26,M,M,0.00,0.0,13
2021-01-27,M,M,0.21,3.0,16
2021-01-28,M,M,0.08,0.7,17
2021-01-29,M,M,0.00,0.0,17
2021-01-30,M,M,0.00,0.0,17
2021-01-31,M,M,0.00,0.0,16
2021-02-01,M,M,0.00,0.0,16
2021-02-02,M,M,0.36,4.7,19
2021-02-03,M,M,0.96,7.9,27
2021-02-04,M,M,0.00,0.0,25
2021-02-05,M,M,0.00,0.0,25
2021-02-06,M,M,0.11,1.3,26
2021-02-07,M,M,0.00,0.0,25
2021-02-08,M,M,0.17,1.8,25
2021-02-09,M,M,0.00,0.0,25
2021-02-10,M,M,0.08,1.0,26
2021-02-11,M,M,0.00,0.0,23
2021-02-12,M,M,0.00,0.0,23
2021-02-13,M,M,0.00,0.0,22
2021-02-14,M,M,0.00,0.0,22
2021-02-15,M,M,0.00,0.0,22
2021-02-16,M,M,0.40,1.4,23
2021-02-17,M,M,0.39,0.9,24
2021-02-18,M,M,0.00,0.0,24
2021-02-19,M,M,0.00,0.0,24
2021-02-20,M,M,0.00,0.0,24
2021-02-21,M,M,0.00,0.0,23
2021-02-22,M,M,0.00,0.0,23
2021-02-23,M,M,0.30,3.8,27
2021-02-24,M,M,0.00,0.0,26
2021-02-25,M,M,0.01,0.0,24
2021-02-26,M,M,0.00,0.0,24
2021-02-27,M,M,0.00,0.0,24
2021-02-28,M,M,0.34,2.1,26
2021-03-01,M,M,0.05,0.1,25
2021-03-02,M,M,0.25,0.5,25
2021-03-03,M,M,0.00,0.0,25
2021-03-04,M,M,0.00,0.0,25
2021-03-05,M,M,0.00,0.0,25
2021-03-06,M,M,0.00,0.0,25
2021-03-07,M,M,0.00,0.0,25
2021-03-08,M,M,0.00,0.0,24
2021-03-09,M,M,0.00,0.0,24
2021-03-10,M,M,0.00,0.0,24
2021-03-11,M,M,0.00,0.0,23
2021-03-12,M,M,0.00,0.0,21
2021-03-13,M,M,0.11,2.0,22
2021-03-14,M,M,0.00,0.0,21
2021-03-15,M,M,0.00,0.0,21
2021-03-16,M,M,0.00,0.0,17
2021-03-17,M,M,0.00,0.0,17
2021-03-18,M,M,0.00,0.0,15
2021-03-19,M,M,0.00,0.0,14
2021-03-20,M,M,0.00,0.0,13
2021-03-21,M,M,0.00,0.0,13
2021-03-22,M,M,0.00,0.0,13
2021-03-23,M,M,0.00,0.0,12
2021-03-24,M,M,0.00,0.0,11
2021-03-25,M,M,0.00,0.0,5
2021-03-26,M,M,0.00,0.0,T
2021-03-27,M,M,0.26,0.0,T
2021-03-28,M,M,0.00,0.0,T
2021-03-29,M,M,0.49,0.0,0
2021-03-30,M,M,0.00,0.0,0
2021-03-31,M,M,0.00,0.0,0
2021-04-01,M,M,0.47,0.0,0
2021-04-02,M,M,0.18,0.0,0
2021-04-03,M,M,0.00,0.0,0
2021-04-04,M,M,0.00,0.0,0
2021-04-05,M,M,T,T,0
2021-04-06,M,M,0.10,T,0
2021-04-07,M,M,0.00,0.0,0
2021-04-08,M,M,0.00,0.0,0
2021-04-09,M,M,0.00,0.0,0
2021-04-10,M,M,0.00,0.0,0
2021-04-11,M,M,0.01,0.0,0
2021-04-12,M,M,0.01,0.0,0
2021-04-13,M,M,0.00,0.0,0
2021-04-14,M,M,0.00,0.0,0
2021-04-15,M,M,0.00,0.0,0
2021-04-16,M,M,0.00,0.0,0
2021-04-17,M,M,0.69,3.6,2
2021-04-18,M,M,0.00,0.0,0
2021-04-19,M,M,0.00,0.0,0
2021-04-20,M,M,0.00,0.0,0
2021-04-21,M,M,0.07,0.2,0
2021-04-22,M,M,0.80,0.9,1
2021-04-23,M,M,0.00,0.0,0
2021-04-24,M,M,0.00,0.0,0
2021-04-25,M,M,0.00,0.0,0
2021-04-26,M,M,0.11,0.0,0
2021-04-27,M,M,0.00,0.0,0
2021-04-28,M,M,0.00,0.0,0
2021-04-29,M,M,0.03,0.0,0
2021-04-30,M,M,0.60,0.0,0
2021-05-01,M,M,0.79,0.0,0
2021-05-02,M,M,0.00,0.0,0
2021-05-03,M,M,0.00,0.0,0
2021-05-04,M,M,0.00,0.0,0
2021-05-05,M,M,0.04,0.0,0
2021-05-06,M,M,0.45,0.0,0
2021-05-07,M,M,0.00,0.0,0
2021-05-08,M,M,0.00,0.0,0
2021-05-09,M,M,0.00,0.0,0
2021-05-10,M,M,0.00,0.0,0
2021-05-11,M,M,0.03,0.0,0
2021-05-12,M,M,0.12,0.0,0
2021-05-13,M,M,0.05,0.0,0
2021-05-14,M,M,0.00,0.0,0
2021-05-15,M,M,0.00,0.0,0
2021-05-16,M,M,0.00,0.0,0
2021-05-17,M,M,0.00,0.0,0
2021-05-18,M,M,0.44,0.0,0
2021-05-19,M,M,0.00,0.0,0
2021-05-20,M,M,0.00,0.0,0
2021-05-21,M,M,0.00,0.0,0
2021-05-22,M,M,0.00,0.0,0
2021-05-23,M,M,0.00,0.0,0
2021-05-24,M,M,0.00,0.0,0
2021-05-25,M,M,0.00,0.0,0
2021-05-26,M,M,0.00,0.0,0
2021-05-27,M,M,0.04,0.0,0
2021-05-28,M,M,0.00,0.0,0
2021-05-29,M,M,0.00,0.0,0
2021-05-30,M,M,0.00,0.0,0
2021-05-31,M,M,0.89,0.0,0
2021-06-01,M,M,0.51,0.0,0
2021-06-02,M,M,0.00,0.0,0
2021-06-03,M,M,0.03,0.0,0
2021-06-04,M,M,0.00,0.0,0
2021-06-05,M,M,0.00,0.0,0
2021-06-06,M,M,0.00,0.0,0
2021-06-07,M,M,0.00,0.0,0
2021-06-08,M,M,0.00,0.0,0
2021-06-09,M,M,0.09,0.0,0
2021-06-10,M,M,0.00,0.0,0
2021-06-11,M,M,0.00,0.0,0
2021-06-12,M,M,0.00,0.0,0
2021-06-13,M,M,0.00,0.0,0
2021-06-14,M,M,0.00,0.0,0
2021-06-15,M,M,0.15,0.0,0
2021-06-16,M,M,0.00,0.0,0
2021-06-17,M,M,0.00,0.0,0
2021-06-18,M,M,0.00,0.0,0
2021-06-19,M,M,0.17,0.0,0
2021-06-20,M,M,0.05,0.0,0
2021-06-21,M,M,0.00,0.0,0
2021-06-22,M,M,0.12,0.0,0
2021-06-23,M,M,0.08,0.0,0
2021-06-24,M,M,0.00,0.0,0
2021-06-25,M,M,0.00,0.0,0
2021-06-26,M,M,0.00,0.0,0
2021-06-27,M,M,0.00,0.0,0
2021-06-28,M,M,0.00,0.0,0
2021-06-29,M,M,0.10,0.0,0
2021-06-30,M,M,0.00,0.0,0
2021-07-01,M,M,0.16,0.0,0
2021-07-02,M,M,0.28,0.0,0
2021-07-03,M,M,0.17,0.0,0
2021-07-04,M,M,0.33,0.0,0
2021-07-05,M,M,0.00,0.0,0
2021-07-06,M,M,0.00,0.0,0
2021-07-07,M,M,0.00,0.0,0
2021-07-08,M,M,0.00,0.0,0
2021-07-09,M,M,0.41,0.0,0
2021-07-10,M,M,0.97,0.0,0
2021-07-11,M,M,0.00,0.0,0
2021-07-12,M,M,0.00,0.0,0
2021-07-13,M,M,0.00,0.0,0
2021-07-14,M,M,0.02,0.0,0
2021-07-15,M,M,0.00,0.0,0
2021-07-16,M,M,0.00,0.0,0
2021-07-17,M,M,S,0.0,0
2021-07-18,M,M,0.60A,0.0,0
2021-07-19,M,M,0.10,0.0,0
2021-07-20,M,M,0.00,0.0,0
2021-07-21,M,M,0.00,0.0,0
2021-07-22,M,M,0.05,0.0,0
2021-07-23,M,M,0.07,0.0,0
2021-07-24,M,M,0.00,0.0,0
2021-07-25,M,M,0.14,0.0,0
2021-07-26,M,M,0.05,0.0,0
2021-07-27,M,M,S,0.0,0
2021-07-28,M,M,0.08A,0.0,0
2021-07-29,M,M,0.00,0.0,0
2021-07-30,M,M,0.60,0.0,0
2021-07-31,M,M,0.00,0.0,0
2021-08-01,M,M,0.00,0.0,0
2021-08-02,M,M,0.26,0.0,0
2021-08-03,M,M,0.00,0.0,0
2021-08-04,M,M,0.00,0.0,0
2021-08-05,M,M,0.00,0.0,0
2021-08-06,M,M,0.11,0.0,0
2021-08-07,M,M,0.00,0.0,0
2021-08-08,M,M,T,0.0,0
2021-08-09,M,M,0.31,0.0,0
2021-08-10,M,M,0.00,0.0,0
2021-08-11,M,M,0.10,0.0,0
2021-08-12,M,M,0.28,0.0,0
2021-08-13,M,M,0.37,0.0,0
2021-08-14,M,M,0.00,0.0,0
2021-08-15,M,M,0.52,0.0,0
2021-08-16,M,M,0.00,0.0,0
2021-08-17,M,M,0.00,0.0,0
2021-08-18,M,M,0.04,0.0,0
2021-08-19,M,M,0.02,0.0,0
2021-08-20,M,M,0.09,0.0,0
2021-08-21,M,M,0.00,0.0,0
2021-08-22,M,M,0.02,0.0,0
2021-08-23,M,M,0.50,0.0,0
2021-08-24,M,M,0.06,0.0,0
2021-08-25,M,M,0.00,0.0,0
2021-08-26,M,M,0.00,0.0,0
2021-08-27,M,M,0.00,0.0,0
2021-08-28,M,M,0.00,0.0,0
2021-08-29,M,M,0.18,0.0,0
2021-08-30,M,M,0.05,0.0,0
2021-08-31,M,M,0.14,0.0,0
2021-09-01,M,M,0.00,0.0,0
2021-09-02,M,M,0.45,0.0,0
2021-09-03,M,M,0.00,0.0,0
2021-09-04,M,M,0.00,0.0,0
2021-09-05,M,M,0.00,0.0,0
2021-09-06,M,M,0.45,0.0,0
2021-09-07,M,M,0.17,0.0,0
2021-09-08,M,M,0.00,0.0,0
2021-09-09,M,M,0.25,0.0,0
2021-09-10,M,M,1.29,0.0,0
2021-09-11,M,M,0.00,0.0,0
2021-09-12,M,M,0.00,0.0,0
2021-09-13,M,M,0.00,0.0,0
2021-09-14,M,M,0.00,0.0,0
2021-09-15,M,M,0.00,0.0,0
2021-09-16,M,M,0.66,0.0,0
2021-09-17,M,M,0.00,0.0,0
2021-09-18,M,M,0.00,0.0,0
2021-09-19,M,M,T,0.0,0
2021-09-20,M,M,0.00,0.0,0
2021-09-21,M,M,0.00,0.0,0
2021-09-22,M,M,0.01,0.0,0
2021-09-23,M,M,0.38,0.0,0
2021-09-24,M,M,0.03,0.0,0
2021-09-25,M,M,0.65,0.0,0
2021-09-26,M,M,0.02,0.0,0
2021-09-27,M,M,0.00,0.0,0
2021-09-28,M,M,0.27,0.0,0
2021-09-29,M,M,0.00,0.0,0
2021-09-30,M,M,0.16,0.0,0
2021-10-01,M,M,0.02,0.0,0
2021-10-02,M,M,0.00,0.0,0
2021-10-03,M,M,0.03,0.0,0
2021-10-04,M,M,0.00,0.0,0
2021-10-05,M,M,0.00,0.0,0
2021-10-06,M,M,0.00,0.0,0
2021-10-07,M,M,0.00,0.0,0
2021-10-08,M,M,0.00,0.0,0
2021-10-09,M,M,0.05,0.0,0
2021-10-10,M,M,0.00,0.0,0
2021-10-11,M,M,0.00,0.0,0
2021-10-12,M,M,0.00,0.0,0
2021-10-13,M,M,0.00,0.0,0
2021-10-14,M,M,0.00,0.0,0
2021-10-15,M,M,0.00,0.0,0
2021-10-16,M,M,0.11,0.0,0
2021-10-17,M,M,0.95,0.0,0
2021-10-18,M,M,T,0.0,0
2021-10-19,M,M,0.00,0.0,0
2021-10-20,M,M,0.00,0.0,0
2021-10-21,M,M,0.12,0.0,0
2021-10-22,M,M,0.25,0.0,0
2021-10-23,M,M,0.00,0.0,0
2021-10-24,M,M,0.00,0.0,0
2021-10-25,M,M,0.00,0.0,0
2021-10-26,M,M,0.15,0.0,0
2021-10-27,M,M,0.20,0.0,0
2021-10-28,M,M,0.00,0.0,0
2021-10-29,M,M,0.00,0.0,0
2021-10-30,M,M,S,0.0,0
2021-10-31,M,M,2.03A,0.0,0
2021-11-01,M,M,0.59,0.0,0
2021-11-02,M,M,0.00,0.0,0
2021-11-03,M,M,0.00,0.0,0
2021-11-04,M,M,0.00,0.0,0
2021-11-05,M,M,0.00,0.0,0
2021-11-06,M,M,0.00,0.0,0
2021-11-07,M,M,0.00,0.0,0
2021-11-08,M,M,0.00,0.0,0
2021-11-09,M,M,0.00,0.0,0
2021-11-10,M,M,0.02,0.0,0
2021-11-11,M,M,0.00,0.0,0
2021-11-12,M,M,0.00,0.0,0
2021-11-13,M,M,1.25,0.0,0
2021-11-14,M,M,0.06,0.0,0
2021-11-15,M,M,0.16,1.9,2
2021-11-16,M,M,0.00,0.0,0
2021-11-17,M,M,0.00,0.0,0
2021-11-18,M,M,0.10,0.0,0
2021-11-19,M,M,0.08,0.0,0
2021-11-20,M,M,T,0.1,0
2021-11-21,M,M,0.00,0.0,0
2021-11-22,M,M,0.21,0.0,0
2021-11-23,M,M,0.00,0.0,0
2021-11-24,M,M,0.00,0.0,0
2021-11-25,M,M,0.00,0.0,0
2021-11-26,M,M,0.00,0.0,0
2021-11-27,M,M,0.24,0.9,1
2021-11-28,M,M,0.00,0.0,1
2021-11-29,M,M,0.00,0.0,0
2021-11-30,M,M,0.00,0.0,0
2021-12-01,M,M,0.00,0.0,0
2021-12-02,M,M,0.04,0.5,1
2021-12-03,M,M,0.23,1.0,1
2021-12-04,M,M,0.00,0.0,1
2021-12-05,M,M,0.02,0.3,1
2021-12-06,M,M,0.23,1.4,2
2021-12-07,M,M,0.35,0.0,0
2021-12-08,M,M,0.00,0.0,0
2021-12-09,M,M,0.16,2.0,3
2021-12-10,M,M,0.01,0.2,3
2021-12-11,M,M,0.05,0.7,4
2021-12-12,M,M,0.86,0.0,3
2021-12-13,M,M,0.00,0.0,3
2021-12-14,M,M,0.00,0.0,2
2021-12-15,M,M,0.00,0.0,2
2021-12-16,M,M,0.30,1.1,3
2021-12-17,M,M,0.18,0.0,3
2021-12-18,M,M,0.00,0.0,3
2021-12-19,M,M,0.54,4.8,7
2021-12-20,M,M,0.00,0.0,7
2021-12-21,M,M,0.00,0.0,7
2021-12-22,M,M,0.06,0.2,7
2021-12-23,M,M,0.36,3.7,10
2021-12-24,M,M,0.00,0.0,10
2021-12-25,M,M,0.00,0.0,9
2021-12-26,M,M,0.03,0.5,9
2021-12-27,M,M,0.00,0.0,9
2021-12-28,M,M,0.07,0.8,10
2021-12-29,M,M,0.00,0.0,10
2021-12-30,M,M,0.01,0.1,10
2021-12-31,M,M,0.02,0.3,9
2022-01-01,M,M,0.08,0.3,9
2022-01-02,M,M,0.10,0.0,7
2022-01-03,M,M,0.03,0.3,7
2022-01-04,M,M,0.00,0.0,7
2022-01-05,M,M,0.00,0.0,7
2022-01-06,M,M,0.01,0.0,7
2022-01-07,M,M,0.01,0.1,7
2022-01-08,M,M,0.20,1.3,8
2022-01-09,M,M,0.00,0.0,8
2022-01-10,M,M,0.12,0.4,8
2022-01-11,M,M,0.00,0.0,8
2022-01-12,M,M,0.00,0.0,8
2022-01-13,M,M,0.00,0.0,8
2022-01-14,M,M,0.00,0.0,8
2022-01-15,M,M,0.00,0.0,8
2022-01-16,M,M,0.00,0.0,8
2022-01-17,M,M,0.08,0.7,8
2022-01-18,M,M,1.02,6.8,16
2022-01-19,M,M,0.00,0.0,16
2022-01-20,M,M,0.07,1.0,17
2022-01-21,M,M,0.00,0.0,17
2022-01-22,M,M,0.00,0.0,16
2022-01-23,M,M,0.00,0.0,16
2022-01-24,M,M,0.00,0.0,16
2022-01-25,M,M,0.09,1.6,17
2022-01-26,M,M,0.01,0.2,16
2022-01-27,M,M,0.00,0.0,16
2022-01-28,M,M,0.00,0.0,16
2022-01-29,M,M,0.00,0.0,16
2022-01-30,M,M,0.28,5.0,17
2022-01-31,M,M,0.00,0.0,17
2022-02-01,M,M,0.00,0.0,17
2022-02-02,M,M,0.00,0.0,16
2022-02-03,M,M,0.00,0.0,16
2022-02-04,M,M,1.03,9.9,26
2022-02-05,M,M,0.40,4.1,30
2022-02-06,M,M,0.00,0.0,30
2022-02-07,M,M,0.00,0.0,29
2022-02-08,M,M,0.37,3.8,33
2022-02-09,M,M,0.38,1.6,32
2022-02-10,M,M,0.00,0.0,31
2022-02-11,M,M,0.02,0.2,30
2022-02-12,M,M,0.00,0.0,29
2022-02-13,M,M,0.00,0.0,28
2022-02-14,M,M,0.00,0.0,27
2022-02-15,M,M,0.00,0.0,28
2022-02-16,M,M,0.00,0.0,27
2022-02-17,M,M,0.01,0.0,25
2022-02-18,M,M,0.38,0.0,16
2022-02-19,M,M,0.00,0.0,16
2022-02-20,M,M,0.15,1.7,17
2022-02-21,M,M,0.00,0.0,17
2022-02-22,M,M,0.00,0.0,16
2022-02-23,M,M,0.90,0.0,16
2022-02-24,M,M,0.00,0.0,15
2022-02-25,M,M,0.03,0.5,15
2022-02-26,M,M,0.50,6.6,21
2022-02-27,M,M,0.00,0.0,21
2022-02-28,M,M,0.04,0.6,21
2022-03-01,M,M,0.00,0.0,21
2022-03-02,M,M,0.21,3.5,24
2022-03-03,M,M,0.15,2.1,25
2022-03-04,M,M,0.00,0.0,24
2022-03-05,M,M,0.00,0.0,24
2022-03-06,M,M,0.05,0.5,24
2022-03-07,M,M,0.10,0.0,19
2022-03-08,M,M,0.37,0.0,18
2022-03-09,M,M,0.00,0.0,18
2022-03-10,M,M,0.00,0.0,18
2022-03-11,M,M,0.00,0.0,17
2022-03-12,M,M,0.00,0.0,17
2022-03-13,M,M,0.80,4.5,21
2022-03-14,M,M,0.00,0.0,21
2022-03-15,M,M,0.00,0.0,21
2022-03-16,M,M,0.15,2.3,22
2022-03-17,M,M,0.00,0.0,18
2022-03-18,M,M,0.00,0.0,17
2022-03-19,M,M,0.02,0.0,12
2022-03-20,M,M,0.38,0.0,12
2022-03-21,M,M,0.00,0.0,12
2022-03-22,M,M,0.00,0.0,11
2022-03-23,M,M,0.00,0.0,10
2022-03-24,M,M,0.02,0.0,9
2022-03-25,M,M,0.68,0.4,9
2022-03-26,M,M,0.00,0.0,7
2022-03-27,M,M,0.00,0.0,5
2022-03-28,M,M,0.00,0.0,5
2022-03-29,M,M,0.00,0.0,5
2022-03-30,M,M,0.00,0.0,4
2022-03-31,M,M,0.12,0.3,4
2022-04-01,M,M,0.47,0.0,4
2022-04-02,M,M,0.00,0.0,3
2022-04-03,M,M,0.00,0.0,2
2022-04-04,M,M,0.00,0.0,1
2022-04-05,M,M,0.00,0.0,T
2022-04-06,M,M,0.00,0.0,T
2022-04-07,M,M,0.00,0.0,T
2022-04-08,M,M,0.49,0.0,0
2022-04-09,M,M,0.42,0.0,0
2022-04-10,M,M,0.36,0.0,0
2022-04-11,M,M,0.00,0.0,0
2022-04-12,M,M,0.04,0.0,0
2022-04-13,M,M,0.00,0.0,0
2022-04-14,M,M,0.96,0.0,0
2022-04-15,M,M,0.43,0.0,0
2022-04-16,M,M,0.00,0.0,0
2022-04-17,M,M,0.22,0.0,0
2022-04-18,M,M,0.00,0.0,0
2022-04-19,M,M,0.01,0.1,0
2022-04-20,M,M,1.10,2.2,T
2022-04-21,M,M,0.00,0.0,0
2022-04-22,M,M,0.02,0.0,0
2022-04-23,M,M,0.00,0.0,0
2022-04-24,M,M,0.00,0.0,0
2022-04-25,M,M,0.00,0.0,0
2022-04-26,M,M,0.00,0.0,0
2022-04-27,M,M,0.31,0.0,0
2022-04-28,M,M,0.20,0.0,0
2022-04-29,M,M,0.00,0.0,0
2022-04-30,M,M,0.00,0.0,0
2022-05-01,M,M,0.00,0.0,0
2022-05-02,M,M,0.00,0.0,0
2022-05-03,M,M,0.00,0.0,0
2022-05-04,M,M,0.10,0.0,0
2022-05-05,M,M,0.36,0.0,0
2022-05-06,M,M,0.00,0.0,0
2022-05-07,M,M,0.00,0.0,0
2022-05-08,M,M,0.00,0.0,0
2022-05-09,M,M,0.00,0.0,0
2022-05-10,M,M,0.00,0.0,0
2022-05-11,M,M,0.00,0.0,0
2022-05-12,M,M,0.00,0.0,0
2022-05-13,M,M,0.00,0.0,0
2022-05-14,M,M,0.00,0.0,0
2022-05-15,M,M,0.00,0.0,0
2022-05-16,M,M,0.41,0.0,0
2022-05-17,M,M,0.26,0.0,0
2022-05-18,M,M,0.00,0.0,0
2022-05-19,M,M,0.00,0.0,0
2022-05-20,M,M,0.15,0.0,0
2022-05-21,M,M,0.03,0.0,0
2022-05-22,M,M,0.02,0.0,0
2022-05-23,M,M,0.00,0.0,0
2022-05-24,M,M,0.00,0.0,0
2022-05-25,M,M,0.00,0.0,0
2022-05-26,M,M,0.00,0.0,0
2022-05-27,M,M,0.00,0.0,0
2022-05-28,M,M,0.21,0.0,0
2022-05-29,M,M,0.00,0.0,0
2022-05-30,M,M,0.00,0.0,0
2022-05-31,M,M,0.03,0.0,0
2022-06-01,M,M,0.00,0.0,0
2022-06-02,M,M,0.31,0.0,0
2022-06-03,M,M,0.00,0.0,0
2022-06-04,M,M,0.08,0.0,0
2022-06-05,M,M,1.20,0.0,0
2022-06-06,M,M,0.00,0.0,0
2022-06-07,M,M,0.00,0.0,0
2022-06-08,M,M,0.45,0.0,0
2022-06-09,M,M,0.01,0.0,0
2022-06-10,M,M,0.91,0.0,0
2022-06-11,M,M,0.00,0.0,0
2022-06-12,M,M,0.00,0.0,0
2022-06-13,M,M,0.12,0.0,0
2022-06-14,M,M,0.05,0.0,0
2022-06-15,M,M,0.00,0.0,0
2022-06-16,M,M,0.00,0.0,0
2022-06-17,M,M,0.00,0.0,0
2022-06-18,M,M,S,0.0,0
2022-06-19,M,M,0.51A,0.0,0
2022-06-20,M,M,0.14,0.0,0
2022-06-21,M,M,0.00,0.0,0
2022-06-22,M,M,0.00,0.0,0
2022-06-23,M,M,0.03,0.0,0
2022-06-24,M,M,0.00,0.0,0
2022-06-25,M,M,0.00,0.0,0
2022-06-26,M,M,0.00,0.0,0
2022-06-27,M,M,0.00,0.0,0
2022-06-28,M,M,S,0.0,0
2022-06-29,M,M,M,0.0,0
2022-06-30,M,M,0.45A,0.0,0
2022-07-01,M,M,0.00,0.0,0
2022-07-02,M,M,0.30,0.0,0
2022-07-03,M,M,0.00,0.0,0
2022-07-04,M,M,0.00,0.0,0
2022-07-05,M,M,0.00,0.0,0
2022-07-06,M,M,0.55,0.0,0
2022-07-07,M,M,0.00,0.0,0
2022-07-08,M,M,0.00,0.0,0
2022-07-09,M,M,0.00,0.0,0
2022-07-10,M,M,0.00,0.0,0
2022-07-11,M,M,0.00,0.0,0
2022-07-12,M,M,0.00,0.0,0
2022-07-13,M,M,0.31,0.0,0
2022-07-14,M,M,0.00,0.0,0
2022-07-15,M,M,0.00,0.0,0
2022-07-16,M,M,0.00,0.0,0
2022-07-17,M,M,0.00,0.0,0
2022-07-18,M,M,0.00,0.0,0
2022-07-19,M,M,0.97,0.0,0
2022-07-20,M,M,T,0.0,0
2022-07-21,M,M,0.00,0.0,0
2022-07-22,M,M,0.00,0.0,0
2022-07-23,M,M,0.00,0.0,0
2022-07-24,M,M,0.00,0.0,0
2022-07-25,M,M,0.06,0.0,0
2022-07-26,M,M,0.40,0.0,0
2022-07-27,M,M,0.00,0.0,0
2022-07-28,M,M,0.00,0.0,0
2022-07-29,M,M,0.68,0.0,0
2022-07-30,M,M,0.00,0.0,0
2022-07-31,M,M,0.00,0.0,0
2022-08-01,M,M,0.00,0.0,0
2022-08-02,M,M,0.00,0.0,0
2022-08-03,M,M,0.00,0.0,0
2022-08-04,M,M,0.00,0.0,0
2022-08-05,M,M,0.02,0.0,0
2022-08-06,M,M,0.00,0.0,0
2022-08-07,M,M,0.00,0.0,0
2022-08-08,M,M,0.13,0.0,0
2022-08-09,M,M,0.28,0.0,0
2022-08-10,M,M,0.05,0.0,0
2022-08-11,M,M,0.02,0.0,0
2022-08-12,M,M,0.00,0.0,0
2022-08-13,M,M,0.00,0.0,0
2022-08-14,M,M,0.00,0.0,0
2022-08-15,M,M,0.00,0.0,0
2022-08-16,M,M,0.00,0.0,0
2022-08-17,M,M,0.00,0.0,0
2022-08-18,M,M,2.21,T,0
2022-08-19,M,M,0.15,0.0,0
2022-08-20,M,M,0.00,0.0,0
2022-08-21,M,M,0.00,0.0,0
2022-08-22,M,M,0.00,0.0,0
2022-08-23,M,M,0.06,0.0,0
2022-08-24,M,M,0.38,0.0,0
2022-08-25,M,M,0.05,0.0,0
2022-08-26,M,M,0.00,0.0,0
2022-08-27,M,M,0.28,0.0,0
2022-08-28,M,M,0.00,0.0,0
2022-08-29,M,M,0.00,0.0,0
2022-08-30,M,M,0.00,0.0,0
2022-08-31,M,M,0.63,0.0,0
2022-09-01,M,M,0.15,0.0,0
2022-09-02,M,M,0.00,0.0,0
2022-09-03,M,M,0.00,0.0,0
2022-09-04,M,M,0.00,0.0,0
2022-09-05,M,M,0.05,0.0,0
2022-09-06,M,M,0.25,0.0,0
2022-09-07,M,M,0.05,0.0,0
2022-09-08,M,M,0.00,0.0,0
2022-09-09,M,M,0.04,0.0,0
2022-09-10,M,M,0.00,0.0,0
2022-09-11,M,M,0.00,0.0,0
2022-09-12,M,M,0.00,0.0,0
2022-09-13,M,M,0.00,0.0,0
2022-09-14,M,M,0.10,0.0,0
2022-09-15,M,M,0.00,0.0,0
2022-09-16,M,M,0.00,0.0,0
2022-09-17,M,M,0.00,0.0,0
2022-09-18,M,M,0.00,0.0,0
2022-09-19,M,M,1.10,0.0,0
2022-09-20,M,M,1.56,0.0,0
2022-09-21,M,M,0.04,0.0,0
2022-09-22,M,M,0.11,0.0,0
2022-09-23,M,M,0.74,0.0,0
2022-09-24,M,M,0.00,0.0,0
2022-09-25,M,M,0.00,0.0,0
2022-09-26,M,M,0.25,0.0,0
2022-09-27,M,M,0.08,0.0,0
2022-09-28,M,M,T,0.0,0
2022-09-29,M,M,0.00,0.0,0
2022-09-30,M,M,0.00,0.0,0
2022-10-01,M,M,0.00,0.0,0
2022-10-02,M,M,0.00,0.0,0
2022-10-03,M,M,0.00,0.0,0
2022-10-04,M,M,0.00,0.0,0
2022-10-05,M,M,0.00,0.0,0
2022-10-06,M,M,0.00,0.0,0
2022-10-07,M,M,0.00,0.0,0
2022-10-08,M,M,0.03,0.0,0
2022-10-09,M,M,0.01,0.0,0
2022-10-10,M,M,0.04,0.0,0
2022-10-11,M,M,T,0.0,0
2022-10-12,M,M,0.00,0.0,0
2022-10-13,M,M,0.00,0.0,0
2022-10-14,M,M,1.05,0.0,0
2022-10-15,M,M,1.92,0.0,0
2022-10-16,M,M,0.00,0.0,0
2022-10-17,M,M,0.00,0.0,0
2022-10-18,M,M,0.70,0.0,0
2022-10-19,M,M,0.25,0.0,0
2022-10-20,M,M,0.00,0.0,0
2022-10-21,M,M,0.00,0.0,0
2022-10-22,M,M,0.00,0.0,0
2022-10-23,M,M,0.00,0.0,0
2022-10-24,M,M,0.01,0.0,0
2022-10-25,M,M,0.14,0.0,0
2022-10-26,M,M,0.35,0.0,0
2022-10-27,M,M,0.75,0.0,0
2022-10-28,M,M,0.00,0.0,0
2022-10-29,M,M,0.00,0.0,0
2022-10-30,M,M,0.00,0.0,0
2022-10-31,M,M,0.00,0.0,0
2022-11-01,M,M,0.00,0.0,0
2022-11-02,M,M,0.00,0.0,0
2022-11-03,M,M,0.00,0.0,0
2022-11-04,M,M,0.00,0.0,0
2022-11-05,M,M,0.00,0.0,0
2022-11-06,M,M,0.00,0.0,0
2022-11-07,M,M,0.60,0.0,0
2022-11-08,M,M,0.00,0.0,0
2022-11-09,M,M,0.00,0.0,0
2022-11-10,M,M,0.00,0.0,0
2022-11-11,M,M,0.00,0.0,0
2022-11-12,M,M,0.72,0.0,0
2022-11-13,M,M,0.87,0.0,0
2022-11-14,M,M,0.40,0.0,0
2022-11-15,M,M,0.00,0.0,0
2022-11-16,M,M,0.11,1.2,1
2022-11-17,M,M,0.52,2.1,3
2022-11-18,M,M,0.00,0.0,3
2022-11-19,M,M,0.00,0.0,2
2022-11-20,M,M,0.00,0.0,2
2022-11-21,M,M,0.00,0.0,2
2022-11-22,M,M,0.00,0.0,2
2022-11-23,M,M,0.00,0.0,2
2022-11-24,M,M,0.00,0.0,2
2022-11-25,M,M,0.00,0.0,2
2022-11-26,M,M,0.07,0.0,1
2022-11-27,M,M,0.00,0.0,1
2022-11-28,M,M,0.56,0.0,1
2022-11-29,M,M,0.00,0.0,1
2022-11-30,M,M,0.08,0.5,1
2022-12-01,M,M,0.92,0.0,0
2022-12-02,M,M,0.00,0.0,0
2022-12-03,M,M,0.00,0.0,0
2022-12-04,M,M,0.29,0.0,0
2022-12-05,M,M,0.00,0.0,0
2022-12-06,M,M,0.00,0.0,0
2022-12-07,M,M,0.32,0.0,0
2022-12-08,M,M,0.37,0.0,0
2022-12-09,M,M,0.00,0.0,0
2022-12-10,M,M,0.00,0.0,0
2022-12-11,M,M,0.00,0.0,0
2022-12-12,M,M,0.00,0.0,0
2022-12-13,M,M,0.00,0.0,0
2022-12-14,M,M,0.01,0.3,T
2022-12-15,M,M,0.00,0.0,T
2022-12-16,M,M,0.03,0.2,T
2022-12-17,M,M,1.87,17.4,17
2022-12-18,M,M,0.74,7.6,25
2022-12-19,M,M,0.00,0.0,24
2022-12-20,M,M,0.00,0.0,24
2022-12-21,M,M,0.00,0.0,23
2022-12-22,M,M,0.00,0.0,23
2022-12-23,M,M,0.32,4.0,25
2022-12-24,M,M,3.07,1.0,18
2022-12-25,M,M,0.00,0.0,18
2022-12-26,M,M,0.00,0.0,18
2022-12-27,M,M,0.00,0.0,18
2022-12-28,M,M,0.00,0.0,18
2022-12-29,M,M,0.01,0.1,18
2022-12-30,M,M,0.00,0.0,16
2022-12-31,M,M,0.00,0.0,16
2023-01-01,M,M,0.15,0.0,12
2023-01-02,M,M,0.00,0.0,11
2023-01-03,M,M,0.00,0.0,10
2023-01-04,M,M,0.05,0.0,10
2023-01-05,M,M,0.54,0.8,10
2023-01-06,M,M,0.06,0.5,10
2023-01-07,M,M,0.15,2.0,11
2023-01-08,M,M,0.00,0.0,10
2023-01-09,M,M,0.00,0.0,10
2023-01-10,M,M,0.00,0.0,10
2023-01-11,M,M,0.00,0.0,10
2023-01-12,M,M,0.00,0.0,10
2023-01-13,M,M,1.21,4.6,15
2023-01-14,M,M,0.14,0.0,14
2023-01-15,M,M,0.00,0.0,14
2023-01-16,M,M,0.14,0.5,15
2023-01-17,M,M,0.28,0.0,15
2023-01-18,M,M,0.00,0.0,15
2023-01-19,M,M,0.00,0.0,15
2023-01-20,M,M,0.39,4.2,19
2023-01-21,M,M,0.04,0.5,20
2023-01-22,M,M,0.00,0.0,20
2023-01-23,M,M,S,M,M
2023-01-24,M,M,0.37A,5.2,25
2023-01-25,M,M,0.00,0.0,25
2023-01-26,M,M,1.05,5.6,29
2023-01-27,M,M,0.00,0.0,29
2023-01-28,M,M,0.00,0.0,27
2023-01-29,M,M,0.00,0.0,26
2023-01-30,M,M,0.17,2.2,28
2023-01-31,M,M,0.08,1.3,29
2023-02-01,M,M,0.00,0.0,28
2023-02-02,M,M,0.00,0.0,28
2023-02-03,M,M,0.00,0.0,28
2023-02-04,M,M,0.00,0.0,28
2023-02-05,M,M,0.00,0.0,28
2023-02-06,M,M,0.00,0.0,25
2023-02-07,M,M,0.00,0.0,25
2023-02-08,M,M,0.10,1.0,25
2023-02-09,M,M,0.00,0.0,24
2023-02-10,M,M,0.92,4.0,28
2023-02-11,M,M,0.00,0.0,27
2023-02-12,M,M,0.00,0.0,26
2023-02-13,M,M,0.00,0.0,26
2023-02-14,M,M,0.12,1.7,27
2023-02-15,M,M,0.00,0.0,27
2023-02-16,M,M,0.00,0.0,25
2023-02-17,M,M,0.00,0.0,23
2023-02-18,M,M,0.21,0.4,23
2023-02-19,M,M,0.00,0.0,23
2023-02-20,M,M,0.00,0.0,21
2023-02-21,M,M,0.00,0.0,21
2023-02-22,M,M,0.06,0.9,22
2023-02-23,M,M,0.13,1.5,23
2023-02-24,M,M,0.18,2.5,26
2023-02-25,M,M,0.00,0.0,25
2023-02-26,M,M,0.00,0.0,25
2023-02-27,M,M,0.05,1.0,26
2023-02-28,M,M,0.02,0.5,26
2023-03-01,M,M,0.50,10.6,37
2023-03-02,M,M,0.07,0.6,35
2023-03-03,M,M,0.29,3.3,39
2023-03-04,M,M,0.51,6.1,43
2023-03-05,M,M,0.47,5.1,48
2023-03-06,M,M,0.00,0.0,44
2023-03-07,M,M,0.00,0.0,42
2023-03-21,M,M,0.00,0.0,28
2023-03-22,M,M,0.00,0.0,27
2023-03-23,M,M,0.06,1.0,26
2023-03-24,M,M,0.49,0.0,26
2023-03-25,M,M,0.00,0.0,26
2023-03-26,M,M,0.42,3.4,29
2023-03-27,M,M,0.00,0.0,28
2023-03-28,M,M,0.00,0.0,25
2023-03-29,M,M,0.00,0.0,25
2023-03-30,M,M,0.07,0.6,25
2023-03-31,M,M,0.00,0.0,25
2023-04-01,M,M,0.21,2.0,26
2023-04-02,M,M,0.00,0.0,25
2023-04-03,M,M,0.00,0.0,25
2023-04-04,M,M,0.02,0.3,25
2023-04-05,M,M,0.00,0.0,22
2023-04-06,M,M,0.83,T,21
2023-04-07,M,M,0.00,0.0,20
2023-04-08,M,M,0.00,0.0,19
2023-04-09,M,M,0.00,0.0,18
2023-04-10,M,M,0.00,0.0,16
2023-04-11,M,M,0.00,0.0,15
2023-04-12,M,M,0.00,0.0,8
2023-04-13,M,M,0.00,0.0,5
2023-04-14,M,M,0.00,0.0,0
2023-04-15,M,M,0.00,0.0,0
2023-04-16,M,M,0.00,0.0,0
2023-04-17,M,M,0.07,0.0,0
2023-04-18,M,M,0.45,0.0,0
2023-04-19,M,M,0.04,0.0,0
2023-04-20,M,M,0.00,0.0,0
2023-04-21,M,M,0.10,0.0,0
2023-04-22,M,M,0.00,0.0,0
2023-04-23,M,M,0.00,0.0,0
2023-04-24,M,M,0.42,0.0,0
2023-04-25,M,M,0.44,0.0,0
2023-04-26,M,M,0.17,0.0,0
2023-04-27,M,M,0.00,0.0,0
2023-04-28,M,M,0.00,0.0,0
2023-04-29,M,M,0.00,0.0,0
2023-04-30,M,M,0.13,0.0,0
2023-05-01,M,M,4.45,0.0,0
2023-05-02,M,M,0.30,0.0,0
2023-05-03,M,M,0.75,0.0,0
2023-05-04,M,M,0.45,0.0,0
2023-05-05,M,M,0.04,0.0,0
2023-05-06,M,M,0.00,0.0,0
2023-05-07,M,M,0.00,0.0,0
2023-05-08,M,M,0.00,0.0,0
2023-05-09,M,M,0.00,0.0,0
2023-05-10,M,M,0.00,0.0,0
2023-05-11,M,M,0.00,0.0,0
2023-05-12,M,M,0.00,0.0,0
2023-05-13,M,M,0.00,0.0,0
2023-05-14,M,M,0.00,0.0,0
2023-05-15,M,M,0.00,0.0,0
2023-05-16,M,M,0.00,0.0,0
2023-05-17,M,M,0.00,0.0,0
2023-05-18,M,M,0.00,0.0,0
2023-05-19,M,M,0.00,0.0,0
2023-05-20,M,M,0.00,0.0,0
2023-05-21,M,M,1.32,0.0,0
2023-05-22,M,M,0.00,0.0,0
2023-05-23,M,M,0.00,0.0,0
2023-05-24,M,M,0.00,0.0,0
2023-05-25,M,M,0.69,0.0,0
2023-05-26,M,M,0.00,0.0,0
2023-05-27,M,M,0.00,0.0,0
2023-05-28,M,M,0.00,0.0,0
2023-05-29,M,M,0.00,0.0,0
2023-05-30,M,M,0.00,0.0,0
2023-05-31,M,M,0.00,0.0,0
2023-06-01,M,M,0.00,0.0,0
2023-06-02,M,M,0.00,0.0,0
2023-06-03,M,M,1.51,0.0,0
2023-06-04,M,M,0.07,0.0,0
2023-06-05,M,M,0.38,0.0,0
2023-06-06,M,M,0.17,0.0,0
2023-06-07,M,M,0.00,0.0,0
2023-06-08,M,M,0.11,0.0,0
2023-06-09,M,M,0.60,0.0,0
2023-06-10,M,M,0.67,0.0,0
2023-06-11,M,M,0.12,0.0,0
2023-06-12,M,M,0.00,0.0,0
2023-06-13,M,M,0.01,0.0,0
2023-06-14,M,M,0.15,0.0,0
2023-06-15,M,M,0.16,0.0,0
2023-06-16,M,M,0.07,0.0,0
2023-06-17,M,M,1.76,0.0,0
2023-06-18,M,M,1.50,0.0,0
2023-06-19,M,M,0.05,0.0,0
2023-06-20,M,M,0.02,0.0,0
2023-06-21,M,M,0.00,0.0,0
2023-06-22,M,M,0.00,0.0,0
2023-06-23,M,M,0.00,0.0,0
2023-06-24,M,M,0.00,0.0,0
2023-06-25,M,M,0.34,0.0,0
2023-06-26,M,M,0.20,0.0,0
2023-06-27,M,M,2.69,0.0,0
2023-06-28,M,M,0.14,0.0,0
2023-06-29,M,M,0.80,0.0,0
2023-06-30,M,M,0.17,0.0,0
2023-07-01,M,M,0.00,0.0,0
2023-07-02,M,M,0.00,0.0,0
2023-07-03,M,M,0.79,0.0,0
2023-07-04,M,M,0.00,0.0,0
2023-07-05,M,M,0.00,0.0,0
2023-07-06,M,M,0.00,0.0,0
2023-07-07,M,M,0.00,0.0,0
2023-07-08,M,M,0.77,0.0,0
2023-07-09,M,M,0.00,0.0,0
2023-07-10,M,M,0.07,0.0,0
2023-07-11,M,M,0.74,0.0,0
2023-07-12,M,M,0.00,0.0,0
2023-07-13,M,M,0.00,0.0,0
2023-07-14,M,M,0.00,0.0,0
2023-07-15,M,M,0.00,0.0,0
2023-07-16,M,M,0.00,0.0,0
2023-07-17,M,M,1.47,0.0,0
2023-07-18,M,M,0.00,0.0,0
2023-07-19,M,M,0.32,0.0,0
2023-07-20,M,M,0.00,0.0,0
2023-07-21,M,M,0.00,0.0,0
2023-07-22,M,M,0.12,0.0,0
2023-07-23,M,M,0.00,0.0,0
2023-07-24,M,M,0.00,0.0,0
2023-07-25,M,M,0.15,0.0,0
2023-07-26,M,M,0.00,0.0,0
2023-07-27,M,M,0.00,0.0,0
2023-07-28,M,M,0.70,0.0,0
2023-07-29,M,M,0.00,0.0,0
2023-07-30,M,M,0.30,0.0,0
2023-07-31,M,M,0.00,0.0,0
2023-08-01,M,M,0.13,0.0,0
2023-08-02,M,M,0.00,0.0,0
2023-08-03,M,M,0.00,0.0,0
2023-08-04,M,M,0.22,0.0,0
2023-08-05,M,M,0.11,0.0,0
2023-08-06,M,M,0.00,0.0,0
2023-08-07,M,M,0.00,0.0,0
2023-08-08,M,M,1.47,0.0,0
2023-08-09,M,M,3.94,0.0,0
2023-08-10,M,M,0.00,0.0,0
2023-08-11,M,M,0.50,0.0,0
2023-08-12,M,M,0.02,0.0,0
2023-08-13,M,M,0.00,0.0,0
2023-08-14,M,M,0.35,0.0,0
2023-08-15,M,M,0.00,0.0,0
2023-08-16,M,M,0.00,0.0,0
2023-08-17,M,M,0.14,0.0,0
2023-08-18,M,M,0.02,0.0,0
2023-08-19,M,M,0.50,0.0,0
2023-08-20,M,M,0.07,0.0,0
2023-08-21,M,M,0.00,0.0,0
2023-08-22,M,M,0.00,0.0,0
2023-08-23,M,M,0.00,0.0,0
2023-08-24,M,M,0.00,0.0,0
2023-08-25,M,M,0.36,0.0,0
2023-08-26,M,M,0.98,0.0,0
2023-08-27,M,M,0.00,0.0,0
2023-08-28,M,M,0.04,0.0,0
2023-08-29,M,M,0.00,0.0,0
2023-08-30,M,M,0.00,0.0,0
2023-08-31,M,M,0.34,0.0,0
2023-09-01,M,M,0.00,0.0,0
2023-09-02,M,M,0.00,0.0,0
2023-09-03,M,M,0.00,0.0,0
2023-09-04,M,M,0.00,0.0,0
2023-09-05,M,M,0.00,0.0,0
2023-09-06,M,M,0.00,0.0,0
2023-09-07,M,M,0.00,0.0,0
2023-09-08,M,M,0.65,0.0,0
2023-09-09,M,M,0.17,0.0,0
2023-09-10,M,M,0.00,0.0,0
2023-09-11,M,M,0.21,0.0,0
2023-09-12,M,M,0.34,0.0,0
2023-09-13,M,M,0.62,0.0,0
2023-09-14,M,M,1.02,0.0,0
2023-09-15,M,M,0.00,0.0,0
2023-09-16,M,M,0.00,0.0,0
2023-09-17,M,M,0.02,0.0,0
2023-09-18,M,M,0.02,0.0,0
2023-09-19,M,M,2.52,0.0,0
2023-09-20,M,M,0.00,0.0,0
2023-09-21,M,M,0.00,0.0,0
2023-09-22,M,M,0.00,0.0,0
2023-09-23,M,M,0.00,0.0,0
2023-09-24,M,M,0.00,0.0,0
2023-09-25,M,M,0.00,0.0,0
2023-09-26,M,M,0.00,0.0,0
2023-09-27,M,M,0.00,0.0,0
2023-09-28,M,M,0.00,0.0,0
2023-09-29,M,M,0.00,0.0,0
2023-09-30,M,M,0.00,0.0,0
2023-10-01,M,M,0.00,0.0,0
2023-10-02,M,M,0.00,0.0,0
2023-10-03,M,M,0.00,0.0,0
2023-10-04,M,M,0.00,0.0,0
2023-10-05,M,M,0.00,0.0,0
2023-10-06,M,M,0.00,0.0,0
2023-10-07,M,M,0.10,0.0,0
2023-10-08,M,M,1.11,0.0,0
2023-10-09,M,M,0.12,0.0,0
2023-10-10,M,M,0.00,0.0,0
2023-10-11,M,M,0.00,0.0,0
2023-10-12,M,M,0.11,0.0,0
2023-10-13,M,M,0.00,0.0,0
2023-10-14,M,M,0.00,0.0,0
2023-10-15,M,M,0.00,0.0,0
2023-10-16,M,M,0.16,0.0,0
2023-10-17,M,M,0.13,0.0,0
2023-10-18,M,M,0.09,0.0,0
2023-10-19,M,M,0.00,0.0,0
2023-10-20,M,M,0.00,0.0,0
2023-10-21,M,M,0.22,0.0,0
2023-10-22,M,M,0.89,0.0,0
2023-10-23,M,M,0.78,0.0,0
2023-10-24,M,M,0.00,0.0,0
2023-10-25,M,M,0.00,0.0,0
2023-10-26,M,M,0.00,0.0,0
2023-10-27,M,M,0.09,0.0,0
2023-10-28,M,M,0.00,0.0,0
2023-10-29,M,M,0.00,0.0,0
2023-10-30,M,M,0.15,T,T
2023-10-31,M,M,0.52,1.7,1
2023-11-01,M,M,0.00,0.0,0
2023-11-02,M,M,0.00,0.0,0
2023-11-03,M,M,0.00,0.0,0
2023-11-04,M,M,0.00,0.0,0
2023-11-05,M,M,0.00,0.0,0
2023-11-06,M,M,0.00,0.0,0
2023-11-07,M,M,0.16,0.0,0
2023-11-08,M,M,0.00,0.0,0
2023-11-09,M,M,0.00,0.0,0
2023-11-10,M,M,0.11,0.5,0
2023-11-11,M,M,0.00,0.0,0
2023-11-12,M,M,0.00,0.0,0
2023-11-13,M,M,0.00,0.0,0
2023-11-14,M,M,0.00,0.0,0
2023-11-15,M,M,0.00,0.0,0
2023-11-16,M,M,0.00,0.0,0
2023-11-17,M,M,0.00,0.0,0
2023-11-18,M,M,0.25,0.0,0
2023-11-19,M,M,0.10,0.0,0
2023-11-20,M,M,0.01,0.1,0
2023-11-21,M,M,0.00,0.0,0
2023-11-22,M,M,0.50,6.0,6
2023-11-23,M,M,0.43,2.1,8
2023-11-24,M,M,0.00,0.0,6
2023-11-25,M,M,0.00,0.0,6
2023-11-26,M,M,0.00,0.0,5
2023-11-27,M,M,1.03,T,5
2023-11-28,M,M,0.15,0.0,5
2023-11-29,M,M,0.00,0.0,4
2023-11-30,M,M,0.00,0.0,4
2023-12-01,M,M,0.00,0.0,4
2023-12-02,M,M,0.15,0.0,2
2023-12-03,M,M,0.01,0.0,2
2023-12-04,M,M,0.98,9.0,11
2023-12-05,M,M,0.41,4.2,15
2023-12-06,M,M,0.00,0.0,15
2023-12-07,M,M,0.00,0.0,14
2023-12-08,M,M,0.00,0.0,14
2023-12-09,M,M,0.00,0.0,14
2023-12-10,M,M,0.00,0.0,11
2023-12-11,M,M,1.70,0.0,7
2023-12-12,M,M,0.04,0.0,6
2023-12-13,M,M,0.00,0.0,6
2023-12-14,M,M,0.02,0.5,6
2023-12-15,M,M,0.00,0.0,6
2023-12-16,M,M,0.00,0.0,6
2023-12-17,M,M,0.00,0.0,5
2023-12-18,M,M,1.46,0.0,1
2023-12-19,M,M,2.17,0.0,0
2023-12-20,M,M,0.00,0.0,0
2023-12-21,M,M,0.00,0.0,0
2023-12-22,M,M,0.00,0.0,0
2023-12-23,M,M,0.00,0.0,0
2023-12-24,M,M,0.00,0.0,0
2023-12-25,M,M,0.02,0.0,0
2023-12-26,M,M,0.00,0.0,0
2023-12-27,M,M,0.10,0.0,0
2023-12-28,M,M,0.09,0.0,0
2023-12-29,M,M,0.44,0.0,0
2023-12-30,M,M,0.42,3.0,3
2023-12-31,M,M,0.15,1.5,4
2024-01-01,M,M,0.00,0.0,5
2024-01-02,M,M,0.00,0.0,4
2024-01-03,M,M,0.00,0.0,4
2024-01-04,M,M,0.00,0.0,3
2024-01-05,M,M,0.00,0.0,3
2024-01-06,M,M,0.00,0.0,3
2024-01-07,M,M,0.14,1.4,4
2024-01-08,M,M,0.26,2.7,7
2024-01-09,M,M,0.00,0.0,7
2024-01-10,M,M,1.78,12.1,19
2024-01-11,M,M,0.65,0.0,14
2024-01-12,M,M,0.00,0.0,13
2024-01-13,M,M,0.06,0.7,13
2024-01-14,M,M,0.83,3.7,17
2024-01-15,M,M,0.11,1.4,18
2024-01-16,M,M,0.00,0.0,18
2024-01-17,M,M,0.53,5.7,21
2024-01-18,M,M,0.00,0.0,21
2024-01-19,M,M,0.00,0.0,21
2024-01-20,M,M,0.00,0.0,21
2024-01-21,M,M,0.00,0.0,20
2024-01-22,M,M,0.00,0.0,19
2024-01-23,M,M,0.00,0.0,19
2024-01-24,M,M,0.00,0.0,18
2024-01-25,M,M,0.22,0.3,18
2024-01-26,M,M,0.01,T,18
2024-01-27,M,M,0.42,3.9,21
2024-01-28,M,M,0.00,0.0,20
2024-01-29,M,M,0.00,0.0,19
2024-01-30,M,M,0.00,0.0,19
2024-01-31,M,M,0.00,0.0,19
2024-02-01,M,M,0.00,0.0,19
2024-02-02,M,M,0.07,1.0,20
2024-02-03,M,M,0.00,0.0,20
2024-02-04,M,M,0.00,0.0,19
2024-02-05,M,M,0.00,0.0,19
2024-02-06,M,M,0.00,0.0,19
2024-02-07,M,M,0.00,0.0,19
2024-02-08,M,M,0.00,0.0,19
2024-02-09,M,M,0.00,0.0,18
2024-02-10,M,M,0.00,0.0,18
2024-02-11,M,M,0.10,0.0,15
2024-02-12,M,M,0.00,0.0,15
2024-02-13,M,M,0.00,0.0,15
2024-02-14,M,M,0.00,0.0,14
2024-02-15,M,M,0.00,0.0,14
2024-02-16,M,M,0.10,1.4,16
2024-02-17,M,M,0.00,0.0,16
2024-02-18,M,M,0.01,0.1,16
2024-02-19,M,M,0.00,0.0,16
2024-02-20,M,M,0.00,0.0,15
2024-02-21,M,M,0.00,0.0,15
2024-02-22,M,M,0.00,0.0,15
2024-02-23,M,M,0.15,2.0,17
2024-02-24,M,M,T,T,16
2024-02-25,M,M,0.00,0.0,15
2024-02-26,M,M,0.01,0.2,15
2024-02-27,M,M,0.00,0.0,15
2024-02-28,M,M,0.15,0.0,14
2024-02-29,M,M,0.47,0.0,12
2024-03-01,M,M,0.00,0.0,12
2024-03-02,M,M,0.00,0.0,12
2024-03-03,M,M,0.14,0.0,10
2024-03-04,M,M,0.02,0.0,9
2024-03-05,M,M,0.01,0.0,8
2024-03-06,M,M,0.78,0.0,6
2024-03-07,M,M,1.49,0.0,4
2024-03-08,M,M,0.02,0.0,4
2024-03-09,M,M,0.00,0.0,4
2024-03-10,M,M,0.71,5.2,9
2024-03-11,M,M,0.92,1.2,10
2024-03-12,M,M,0.00,0.0,9
2024-03-13,M,M,0.00,0.0,8
2024-03-14,M,M,0.00,0.0,7
2024-03-15,M,M,0.39,1.6,8
2024-03-16,M,M,0.00,0.0,7
2024-03-17,M,M,0.32,0.0,6
2024-03-18,M,M,0.23,0.3,5
2024-03-19,M,M,0.00,0.0,5
2024-03-20,M,M,0.00,0.0,4
2024-03-21,M,M,0.32,2.0,6
2024-03-22,M,M,0.00,0.0,6
2024-03-23,M,M,0.12,1.5,8
2024-03-24,M,M,1.80,16.8,24
2024-03-25,M,M,0.00,0.0,22
2024-03-26,M,M,0.00,0.0,21
2024-03-27,M,M,0.24,0.0,16
2024-03-28,M,M,0.36,0.0,11
2024-03-29,M,M,0.39,0.0,9
2024-03-30,M,M,0.00,0.0,8
2024-03-31,M,M,0.00,0.0,6
2024-04-01,M,M,0.00,0.0,6
2024-04-02,M,M,0.00,0.0,4
2024-04-03,M,M,0.00,0.0,3
2024-04-04,M,M,0.96,8.0,11
2024-04-05,M,M,0.69,5.0,15
2024-04-06,M,M,0.05,T,11
2024-04-07,M,M,0.07,T,10
2024-04-08,M,M,0.00,0.0,6
2024-04-09,M,M,0.00,0.0,5
2024-04-10,M,M,0.00,0.0,2
2024-04-11,M,M,0.21,0.0,1
2024-04-12,M,M,0.72,0.0,0
2024-04-13,M,M,0.78,0.0,0
2024-04-14,M,M,0.00,0.0,0
2024-04-15,M,M,0.00,0.0,0
2024-04-16,M,M,0.00,0.0,0
2024-04-17,M,M,0.00,0.0,0
2024-04-18,M,M,0.00,0.0,0
2024-04-19,M,M,0.00,0.0,0
2024-04-20,M,M,0.00,0.0,0
2024-04-21,M,M,0.11,0.0,0
2024-04-22,M,M,0.00,0.0,0
2024-04-23,M,M,0.00,0.0,0
2024-04-24,M,M,0.01,0.0,0
2024-04-25,M,M,0.13,0.0,0
2024-04-26,M,M,0.00,0.0,0
2024-04-27,M,M,0.00,0.0,0
2024-04-28,M,M,0.01,0.0,0
2024-04-29,M,M,0.17,0.0,0
2024-04-30,M,M,0.07,0.0,0
2024-05-01,M,M,0.17,0.0,0
2024-05-02,M,M,0.25,0.0,0
2024-05-03,M,M,0.40,0.0,0
2024-05-04,M,M,0.00,0.0,0
2024-05-05,M,M,0.00,0.0,0
2024-05-06,M,M,0.38,0.0,0
2024-05-07,M,M,0.00,0.0,0
2024-05-08,M,M,0.00,0.0,0
2024-05-09,M,M,0.64,0.0,0
2024-05-10,M,M,0.00,0.0,0
2024-05-11,M,M,0.00,0.0,0
2024-05-12,M,M,0.00,0.0,0
2024-05-13,M,M,0.00,0.0,0
2024-05-14,M,M,0.03,0.0,0
2024-05-15,M,M,0.18,0.0,0
2024-05-16,M,M,0.31,0.0,0
2024-05-17,M,M,0.34,0.0,0
2024-05-18,M,M,0.05,0.0,0
2024-05-19,M,M,0.13,0.0,0
2024-05-20,M,M,0.00,0.0,0
2024-05-21,M,M,0.00,0.0,0
2024-05-22,M,M,0.00,0.0,0
2024-05-23,M,M,0.00,0.0,0
2024-05-24,M,M,0.15,0.0,0
2024-05-25,M,M,0.00,0.0,0
2024-05-26,M,M,0.00,0.0,0
2024-05-27,M,M,0.14,0.0,0
2024-05-28,M,M,1.45,0.0,0
2024-05-29,M,M,0.00,0.0,0
2024-05-30,M,M,0.00,0.0,0
2024-05-31,M,M,0.00,0.0,0
2024-06-01,M,M,0.00,0.0,0
2024-06-02,M,M,0.00,0.0,0
2024-06-03,M,M,0.00,0.0,0
2024-06-04,M,M,0.00,0.0,0
2024-06-05,M,M,0.00,0.0,0
2024-06-06,M,M,0.00,0.0,0
2024-06-07,M,M,0.39,0.0,0
2024-06-08,M,M,0.69,0.0,0
2024-06-09,M,M,S,0.0,0
2024-06-10,M,M,0.59A,0.0,0
2024-06-11,M,M,0.05,0.0,0
2024-06-12,M,M,0.17,0.0,0
2024-06-13,M,M,0.10,0.0,0
2024-06-14,M,M,0.01,0.0,0
2024-06-15,M,M,0.42,0.0,0
2024-06-16,M,M,0.00,0.0,0
2024-06-17,M,M,0.00,0.0,0
2024-06-18,M,M,0.00,0.0,0
2024-06-19,M,M,0.00,0.0,0
2024-06-20,M,M,0.10,0.0,0
2024-06-21,M,M,0.20,0.0,0
2024-06-22,M,M,0.07,0.0,0
2024-06-23,M,M,0.10,0.0,0
2024-06-24,M,M,0.70,0.0,0
2024-06-25,M,M,0.07,0.0,0
2024-06-26,M,M,0.02,0.0,0
2024-06-27,M,M,0.07,0.0,0
2024-06-28,M,M,0.00,0.0,0
2024-06-29,M,M,0.00,0.0,0
2024-06-30,M,M,0.57,0.0,0
2024-07-01,M,M,0.00,0.0,0
2024-07-02,M,M,0.00,0.0,0
2024-07-03,M,M,0.00,0.0,0
2024-07-04,M,M,0.01,0.0,0
2024-07-05,M,M,0.01,0.0,0
2024-07-06,M,M,0.46,0.0,0
2024-07-07,M,M,0.19,0.0,0
2024-07-08,M,M,0.00,0.0,0
2024-07-09,M,M,0.00,0.0,0
2024-07-10,M,M,0.00,0.0,0
2024-07-11,M,M,2.44,0.0,0
2024-07-12,M,M,0.61,0.0,0
2024-07-13,M,M,0.07,0.0,0
2024-07-14,M,M,0.09,0.0,0
2024-07-15,M,M,0.00,0.0,0
2024-07-16,M,M,0.10,0.0,0
2024-07-17,M,M,0.26,0.0,0
2024-07-18,M,M,0.10,0.0,0
2024-07-19,M,M,0.00,0.0,0
2024-07-20,M,M,0.00,0.0,0
2024-07-21,M,M,0.00,0.0,0
2024-07-22,M,M,0.00,0.0,0
2024-07-23,M,M,0.46,0.0,0
2024-07-24,M,M,0.31,0.0,0
2024-07-25,M,M,0.20,0.0,0
2024-07-26,M,M,0.29,0.0,0
2024-07-27,M,M,0.00,0.0,0
2024-07-28,M,M,0.00,0.0,0
2024-07-29,M,M,0.00,0.0,0
2024-07-30,M,M,0.15,0.0,0
2024-07-31,M,M,0.00,0.0,0
2024-08-01,M,M,0.24,0.0,0
2024-08-02,M,M,0.00,0.0,0
2024-08-03,M,M,0.00,0.0,0
2024-08-04,M,M,0.00,0.0,0
2024-08-05,M,M,0.68,0.0,0
2024-08-06,M,M,0.80,0.0,0
2024-08-07,M,M,0.00,0.0,0
2024-08-08,M,M,0.00,0.0,0
2024-08-09,M,M,0.81,0.0,0
2024-08-10,M,M,1.10,0.0,0
2024-08-11,M,M,0.00,0.0,0
2024-08-12,M,M,0.00,0.0,0
2024-08-13,M,M,0.00,0.0,0
2024-08-14,M,M,0.00,0.0,0
2024-08-15,M,M,0.00,0.0,0
2024-08-16,M,M,0.15,0.0,0
2024-08-17,M,M,0.00,0.0,0
2024-08-18,M,M,0.00,0.0,0
2024-08-19,M,M,0.02,0.0,0
2024-08-20,M,M,0.07,0.0,0
2024-08-21,M,M,0.01,0.0,0
2024-08-22,M,M,0.16,0.0,0
2024-08-23,M,M,0.24,0.0,0
2024-08-24,M,M,0.00,0.0,0
2024-08-25,M,M,0.00,0.0,0
2024-08-26,M,M,0.10,0.0,0
2024-08-27,M,M,0.27,0.0,0
2024-08-28,M,M,0.20,0.0,0
2024-08-29,M,M,0.00,0.0,0
2024-08-30,M,M,0.00,0.0,0
2024-08-31,M,M,0.00,0.0,0
2024-09-01,M,M,0.12,0.0,0
2024-09-02,M,M,0.05,0.0,0
2024-09-03,M,M,0.00,0.0,0
2024-09-04,M,M,0.00,0.0,0
2024-09-05,M,M,0.00,0.0,0
2024-09-06,M,M,0.00,0.0,0
2024-09-07,M,M,0.00,0.0,0
2024-09-08,M,M,0.15,0.0,0
2024-09-09,M,M,0.00,0.0,0
2024-09-10,M,M,0.00,0.0,0
2024-09-11,M,M,0.00,0.0,0
2024-09-12,M,M,0.00,0.0,0
2024-09-13,M,M,0.00,0.0,0
2024-09-14,M,M,0.00,0.0,0
2024-09-15,M,M,0.00,0.0,0
2024-09-16,M,M,0.00,0.0,0
2024-09-17,M,M,0.00,0.0,0
2024-09-18,M,M,0.00,0.0,0
2024-09-19,M,M,0.00,0.0,0
2024-09-20,M,M,0.02,0.0,0
2024-09-21,M,M,0.00,0.0,0
2024-09-22,M,M,0.00,0.0,0
2024-09-23,M,M,0.00,0.0,0
2024-09-24,M,M,0.00,0.0,0
2024-09-25,M,M,0.00,0.0,0
2024-09-26,M,M,0.69,0.0,0
2024-09-27,M,M,0.90,0.0,0
2024-09-28,M,M,0.00,0.0,0
2024-09-29,M,M,0.00,0.0,0
2024-09-30,M,M,0.00,0.0,0
2024-10-01,M,M,0.00,0.0,0
2024-10-02,M,M,0.00,0.0,0
2024-10-03,M,M,0.00,0.0,0
2024-10-04,M,M,0.00,0.0,0
2024-10-05,M,M,0.06,0.0,0
2024-10-06,M,M,0.00,0.0,0
2024-10-07,M,M,0.07,0.0,0
2024-10-08,M,M,S,0.0,0
2024-10-09,M,M,0.55A,0.0,0
2024-10-10,M,M,0.03,0.0,0
2024-10-11,M,M,0.00,0.0,0
2024-10-12,M,M,0.10,0.0,0
2024-10-13,M,M,0.00,0.0,0
2024-10-14,M,M,0.52,0.0,0
2024-10-15,M,M,0.40,0.0,0
2024-10-16,M,M,0.01,0.0,0
2024-10-17,M,M,0.00,0.0,0
2024-10-18,M,M,0.00,0.0,0
2024-10-19,M,M,0.00,0.0,0
2024-10-20,M,M,0.00,0.0,0
2024-10-21,M,M,0.00,0.0,0
2024-10-22,M,M,0.00,0.0,0
2024-10-23,M,M,0.00,0.0,0
2024-10-24,M,M,0.00,0.0,0
2024-10-25,M,M,0.00,0.0,0
2024-10-26,M,M,0.00,0.0,0
2024-10-27,M,M,0.00,0.0,0
2024-10-28,M,M,0.02,0.1,0
2024-10-29,M,M,0.00,0.0,0
2024-10-30,M,M,0.20,0.0,0
2024-10-31,M,M,0.05,0.0,0
2024-11-01,M,M,0.02,0.0,0
2024-11-02,M,M,0.00,0.0,0
2024-11-03,M,M,0.00,0.0,0
2024-11-04,M,M,0.00,0.0,0
2024-11-05,M,M,0.04,0.0,0
2024-11-06,M,M,0.00,0.0,0
2024-11-07,M,M,0.00,0.0,0
2024-11-08,M,M,0.00,0.0,0
2024-11-09,M,M,0.00,0.0,0
2024-11-10,M,M,0.00,0.0,0
2024-11-11,M,M,0.05,0.0,0
2024-11-12,M,M,0.01,0.0,0
2024-11-13,M,M,0.00,0.0,0
2024-11-14,M,M,0.00,0.0,0
2024-11-15,M,M,0.00,0.0,0
2024-11-16,M,M,0.00,0.0,0
2024-11-17,M,M,0.00,0.0,0
2024-11-18,M,M,0.00,0.0,0
2024-11-19,M,M,0.00,0.0,0
2024-11-20,M,M,0.00,0.0,0
2024-11-21,M,M,0.01,0.0,0
2024-11-22,M,M,0.42,0.0,0
2024-11-23,M,M,1.54,0.0,0
2024-11-24,M,M,0.00,0.0,0
2024-11-25,M,M,0.00,0.0,0
2024-11-26,M,M,0.00,0.0,0
2024-11-27,M,M,0.56,2.2,2
2024-11-28,M,M,0.00,0.0,2
2024-11-29,M,M,1.01,10.9,12
2024-11-30,M,M,0.00,0.0,12
2024-12-01,M,M,0.00,0.0,11
2024-12-02,M,M,0.00,0.0,10
2024-12-03,M,M,0.02,0.2,10
2024-12-04,M,M,0.00,0.0,9
2024-12-05,M,M,0.70,9.0,18
2024-12-06,M,M,T,T,14
2024-12-07,M,M,0.00,0.0,14
2024-12-08,M,M,0.30,3.9,17
2024-12-09,M,M,T,T,16
2024-12-10,M,M,0.21,2.2,15
2024-12-11,M,M,0.34,T,14
2024-12-12,M,M,2.07,0.0,9
2024-12-13,M,M,0.01,0.3,9
2024-12-14,M,M,0.00,0.0,9
2024-12-15,M,M,0.00,0.0,9
2024-12-16,M,M,0.00,0.0,8
2024-12-17,M,M,0.40,0.0,5
2024-12-18,M,M,0.00,0.0,5
2024-12-19,M,M,0.05,0.4,5
2024-12-20,M,M,0.00,0.0,5
2024-12-21,M,M,0.02,0.2,5
2024-12-22,M,M,0.00,0.0,5
2024-12-23,M,M,0.00,0.0,5
2024-12-24,M,M,0.22,2.6,7
2024-12-25,M,M,0.05,1.0,7
2024-12-26,M,M,0.00,0.0,6
2024-12-27,M,M,0.00,0.0,6
2024-12-28,M,M,0.00,0.0,6
2024-12-29,M,M,0.00,0.0,6
2024-12-30,M,M,0.21,0.0,5
2024-12-31,M,M,1.33,0.0,3
2025-01-01,M,M,0.11,1.0,4
2025-01-02,M,M,0.71,3.9,8
2025-01-03,M,M,0.00,0.0,8
2025-01-04,M,M,0.00,0.0,8
2025-01-05,M,M,0.00,0.0,8
2025-01-06,M,M,0.00,0.0,8
2025-01-07,M,M,0.00,0.0,8
2025-01-08,M,M,0.00,0.0,8
2025-01-09,M,M,0.07,1.0,7
2025-01-10,M,M,0.00,0.0,7
2025-01-11,M,M,0.00,0.0,7
2025-01-12,M,M,0.10,1.6,8
2025-01-13,M,M,0.00,0.0,8
2025-01-14,M,M,0.01,0.1,8
2025-01-15,M,M,T,T,8
2025-01-16,M,M,0.00,0.0,8
2025-01-17,M,M,0.00,0.0,8
2025-01-18,M,M,0.00,0.0,8
2025-01-19,M,M,0.14,1.0,8
2025-01-20,M,M,0.14,1.6,9
2025-01-21,M,M,0.00,0.0,9
2025-01-22,M,M,0.00,0.0,9
2025-01-23,M,M,0.01,0.1,9
2025-01-24,M,M,0.00,0.0,9
2025-01-25,M,M,0.00,0.0,9
2025-01-26,M,M,0.00,0.0,9
2025-01-27,M,M,0.01,0.1,9
2025-01-28,M,M,0.02,0.3,9
2025-01-29,M,M,0.12,2.0,11
2025-01-30,M,M,0.08,1.3,12
2025-01-31,M,M,0.00,0.0,11
2025-02-01,M,M,0.23,3.5,14
2025-02-02,M,M,0.02,0.3,13
2025-02-03,M,M,0.14,3.6,17
2025-02-04,M,M,0.10,1.2,18
2025-02-05,M,M,0.00,0.0,16
2025-02-06,M,M,0.00,0.0,15
2025-02-07,M,M,0.37,3.9,18
2025-02-08,M,M,0.00,0.0,17
2025-02-09,M,M,0.02,2.0,17
2025-02-10,M,M,0.00,0.0,17
2025-02-11,M,M,0.00,0.0,17
2025-02-12,M,M,0.01,0.3,17
2025-02-13,M,M,0.17,1.6,18
2025-02-14,M,M,0.40,1.9,19
2025-02-15,M,M,0.00,0.0,19
2025-02-16,M,M,0.17,2.6,22
2025-02-17,M,M,0.68,5.2,25
2025-02-18,M,M,0.00,0.0,24
2025-02-19,M,M,0.00,0.0,23
2025-02-20,M,M,0.00,0.0,22
2025-02-21,M,M,0.00,0.0,21
2025-02-22,M,M,0.00,0.0,21
2025-02-23,M,M,0.00,0.0,21
2025-02-24,M,M,0.00,0.0,21
2025-02-25,M,M,0.01,0.2,21
2025-02-26,M,M,0.33,0.0,20
2025-02-27,M,M,0.00,0.0,19
2025-02-28,M,M,0.32,3.0,22
2025-03-01,M,M,0.28,2.6,25
2025-03-02,M,M,0.00,0.0,24
2025-03-03,M,M,0.00,0.0,23
2025-03-04,M,M,0.00,0.0,22
2025-03-05,M,M,0.04,0.8,23
2025-03-06,M,M,1.20,0.0,20
2025-03-07,M,M,0.21,0.0,16
2025-03-08,M,M,0.00,0.0,16
2025-03-09,M,M,0.00,0.0,16
2025-03-10,M,M,0.11,1.6,17
2025-03-11,M,M,0.00,0.0,15
2025-03-12,M,M,0.00,0.0,15
2025-03-13,M,M,0.00,0.0,15
2025-03-14,M,M,0.00,0.0,13
2025-03-15,M,M,0.00,0.0,12
2025-03-16,M,M,0.00,0.0,10
2025-03-17,M,M,0.58,0.0,4
2025-03-18,M,M,0.15,0.0,2
2025-03-19,M,M,0.00,0.0,1
2025-03-20,M,M,0.01,0.0,T
2025-03-21,M,M,0.21,0.0,0
2025-03-22,M,M,0.14,0.0,0
2025-03-23,M,M,0.00,0.0,0
2025-03-24,M,M,0.00,0.0,0
2025-03-25,M,M,0.49,4.1,4
2025-03-26,M,M,0.00,0.0,3
2025-03-27,M,M,0.00,0.0,1
2025-03-28,M,M,0.00,0.0,T
2025-03-29,M,M,0.22,2.2,2
2025-03-30,M,M,T,T,2
2025-03-31,M,M,0.51,1.1,4
2025-04-01,M,M,0.00,0.0,0
2025-04-02,M,M,0.00,0.0,0
2025-04-03,M,M,0.41,0.9,1
2025-04-04,M,M,0.24,0.0,1
2025-04-05,M,M,0.00,0.0,0
2025-04-06,M,M,0.31,0.0,0
2025-04-07,M,M,0.00,0.0,0
2025-04-08,M,M,0.00,0.0,0
2025-04-09,M,M,0.17,0.7,1
2025-04-10,M,M,0.00,0.0,0
2025-04-11,M,M,0.07,0.3,0
2025-04-12,M,M,0.00,0.0,0
2025-04-13,M,M,0.29,0.0,0
2025-04-14,M,M,0.00,0.0,0
2025-04-15,M,M,0.00,0.0,0
2025-04-16,M,M,0.00,0.0,0
2025-04-17,M,M,0.00,0.0,0
2025-04-18,M,M,0.00,0.0,0
2025-04-19,M,M,0.16,0.0,0
2025-04-20,M,M,0.26,0.0,0
2025-04-21,M,M,0.00,0.0,0
2025-04-22,M,M,0.16,0.0,0
2025-04-23,M,M,0.00,0.0,0
2025-04-24,M,M,0.00,0.0,0
2025-04-25,M,M,0.04,0.0,0
2025-04-26,M,M,0.02,0.0,0
2025-04-27,M,M,0.79,0.0,0
2025-04-28,M,M,0.24,0.0,0
2025-04-29,M,M,0.00,0.0,0
2025-05-01,M,M,0.00,0.0,0
2025-05-02,M,M,0.30,0.0,0
2025-05-03,M,M,0.05,0.0,0
2025-05-04,M,M,S,0.0,0
2025-05-05,M,M,0.87A,0.0,0
2025-05-06,M,M,0.05,0.0,0
2025-05-07,M,M,0.93,0.0,0
2025-05-08,M,M,0.08,0.0,0
2025-05-09,M,M,0.27,0.0,0
2025-05-10,M,M,0.57,0.0,0
2025-05-11,M,M,0.75,0.0,0
2025-05-12,M,M,0.00,0.0,0
2025-05-13,M,M,0.00,0.0,0
2025-05-14,M,M,0.00,0.0,0
2025-05-15,M,M,0.00,0.0,0
2025-05-16,M,M,0.00,0.0,0
2025-05-17,M,M,0.20,0.0,0
2025-05-18,M,M,0.77,0.0,0
2025-05-19,M,M,0.17,0.0,0
2025-05-20,M,M,0.00,0.0,0
2025-05-21,M,M,0.00,0.0,0
2025-05-22,M,M,0.19,0.0,0
2025-05-23,M,M,0.48,0.0,0
2025-05-24,M,M,0.34,0.0,0
2025-05-25,M,M,0.05,0.0,0
2025-05-26,M,M,0.00,0.0,0
2025-05-27,M,M,0.00,0.0,0
2025-05-28,M,M,0.00,0.0,0
2025-05-29,M,M,0.00,0.0,0
2025-05-30,M,M,0.00,0.0,0
2025-05-31,M,M,0.19,0.0,0
2025-06-01,M,M,1.10,0.0,0
2025-06-02,M,M,0.00,0.0,0
2025-06-03,M,M,0.00,0.0,0
2025-06-04,M,M,0.00,0.0,0
2025-06-05,M,M,0.00,0.0,0
2025-06-06,M,M,0.05,0.0,0
2025-06-07,M,M,0.82,0.0,0
2025-06-08,M,M,0.20,0.0,0
2025-06-09,M,M,0.00,0.0,0
2025-06-10,M,M,0.05,0.0,0
2025-06-11,M,M,0.00,0.0,0
2025-06-12,M,M,0.00,0.0,0
2025-06-13,M,M,0.00,0.0,0
2025-06-14,M,M,0.00,0.0,0
2025-06-15,M,M,0.00,0.0,0
2025-06-16,M,M,0.00,0.0,0
2025-06-17,M,M,0.00,0.0,0
2025-06-18,M,M,0.27,0.0,0
2025-06-19,M,M,0.02,0.0,0
2025-06-20,M,M,0.87,0.0,0
2025-06-21,M,M,M,0.0,0
2025-06-22,M,M,0.00,0.0,0
2025-06-23,M,M,0.04,0.0,0
2025-06-24,M,M,0.00,0.0,0
2025-06-25,M,M,0.00,0.0,0
2025-06-26,M,M,0.00,0.0,0
2025-06-27,M,M,0.00,0.0,0
2025-06-28,M,M,0.76,0.0,0
2025-06-29,M,M,0.68,0.0,0
2025-06-30,M,M,0.00,0.0,0
2025-07-01,M,M,0.00,0.0,0
2025-07-02,M,M,0.35,0.0,0
2025-07-03,M,M,0.00,0.0,0
2025-07-04,M,M,0.27,0.0,0
2025-07-05,M,M,0.00,0.0,0
2025-07-06,M,M,0.00,0.0,0
2025-07-07,M,M,0.00,0.0,0
2025-07-08,M,M,0.13,0.0,0
2025-07-09,M,M,0.00,0.0,0
2025-07-10,M,M,0.39,0.0,0
2025-07-11,M,M,0.33,0.0,0
2025-07-12,M,M,0.07,0.0,0
2025-07-13,M,M,0.11,0.0,0
2025-07-14,M,M,0.02,0.0,0
2025-07-15,M,M,0.14,0.0,0
2025-07-16,M,M,0.00,0.0,0
2025-07-17,M,M,0.00,0.0,0
2025-07-18,M,M,0.12,0.0,0
2025-07-19,M,M,0.00,0.0,0
2025-07-20,M,M,0.01,0.0,0
2025-07-21,M,M,1.25,0.0,0
2025-07-22,M,M,0.00,0.0,0
2025-07-23,M,M,0.00,0.0,0
2025-07-24,M,M,0.00,0.0,0
2025-07-25,M,M,0.00,0.0,0
2025-07-26,M,M,0.07,0.0,0
2025-07-27,M,M,0.00,0.0,0
2025-07-28,M,M,0.00,0.0,0
2025-07-29,M,M,0.00,0.0,0
2025-07-30,M,M,0.00,0.0,0
2025-07-31,M,M,0.00,0.0,0
2025-08-01,M,M,0.00,0.0,0
2025-08-02,M,M,0.00,0.0,0
2025-08-03,M,M,0.00,0.0,0
2025-08-04,M,M,0.00,0.0,0
2025-08-05,M,M,0.00,0.0,0
2025-08-06,M,M,0.00,0.0,0
2025-08-07,M,M,0.00,0.0,0
2025-08-08,M,M,0.00,0.0,0
2025-08-09,M,M,0.04,0.0,0
2025-08-10,M,M,0.00,0.0,0
2025-08-11,M,M,0.00,0.0,0
2025-08-12,M,M,0.00,0.0,0
2025-08-13,M,M,0.00,0.0,0
2025-08-14,M,M,0.42,0.0,0
2025-08-15,M,M,0.00,0.0,0
2025-08-16,M,M,0.00,0.0,0
2025-08-17,M,M,0.00,0.0,0
2025-08-18,M,M,0.00,0.0,0
2025-08-19,M,M,0.00,0.0,0
2025-08-20,M,M,0.00,0.0,0
2025-08-21,M,M,0.00,0.0,0
2025-08-22,M,M,0.00,0.0,0
2025-08-23,M,M,0.00,0.0,0
2025-08-24,M,M,0.00,0.0,0
2025-08-25,M,M,0.25,0.0,0
2025-08-26,M,M,0.31,0.0,0
2025-08-27,M,M,0.00,0.0,0
2025-08-28,M,M,0.00,0.0,0
2025-08-29,M,M,0.00,0.0,0
2025-08-30,M,M,0.13,0.0,0
2025-08-31,M,M,0.17,0.0,0
2025-09-01,M,M,0.00,0.0,0
2025-09-02,M,M,0.00,0.0,0
2025-09-03,M,M,0.00,0.0,0
2025-09-04,M,M,0.11,0.0,0
2025-09-05,M,M,0.02,0.0,0
2025-09-06,M,M,0.00,0.0,0
2025-09-07,M,M,0.57,0.0,0
2025-09-08,M,M,0.00,0.0,0
2025-09-09,M,M,0.00,0.0,0
2025-09-10,M,M,0.00,0.0,0
2025-09-11,M,M,0.00,0.0,0
2025-09-12,M,M,0.00,0.0,0
2025-09-13,M,M,0.00,0.0,0
2025-09-14,M,M,0.00,0.0,0
2025-09-15,M,M,0.00,0.0,0
2025-09-16,M,M,0.00,0.0,0
2025-09-17,M,M,0.00,0.0,0
2025-09-18,M,M,0.00,0.0,0
2025-09-19,M,M,0.10,0.0,0
2025-09-20,M,M,0.00,0.0,0
2025-09-21,M,M,0.00,0.0,0
2025-09-22,M,M,0.00,0.0,0
2025-09-23,M,M,0.00,0.0,0
2025-09-24,M,M,0.10,0.0,0
2025-09-25,M,M,0.08,0.0,0
2025-09-26,M,M,1.17,0.0,0
2025-09-27,M,M,0.00,0.0,0
2025-09-28,M,M,0.00,0.0,0
2025-09-29,M,M,0.00,0.0,0
2025-09-30,M,M,0.00,0.0,0
2025-10-01,M,M,0.00,0.0,0
2025-10-02,M,M,0.00,0.0,0
2025-10-03,M,M,0.00,0.0,0
2025-10-04,M,M,0.00,0.0,0
2025-10-05,M,M,0.00,0.0,0
2025-10-06,M,M,0.00,0.0,0
2025-10-07,M,M,0.00,0.0,0
2025-10-08,M,M,0.69,0.0,0
2025-10-09,M,M,0.21,0.0,0
2025-10-10,M,M,0.00,0.0,0
2025-10-11,M,M,0.00,0.0,0
2025-10-12,M,M,0.00,0.0,0
2025-10-13,M,M,0.00,0.0,0
2025-10-14,M,M,0.07,0.0,0
2025-10-15,M,M,0.05,0.0,0
2025-10-16,M,M,0.00,0.0,0
2025-10-17,M,M,0.00,0.0,0
2025-10-18,M,M,0.00,0.0,0
2025-10-19,M,M,0.00,0.0,0
2025-10-20,M,M,0.01,0.0,0
2025-10-21,M,M,1.53,0.0,0
2025-10-22,M,M,0.15,0.0,0
2025-10-23,M,M,0.31,0.0,0
2025-10-24,M,M,0.00,0.0,0
2025-10-25,M,M,0.03,0.0,0
2025-10-26,M,M,0.00,0.0,0
2025-10-27,M,M,0.04,0.0,0
2025-10-28,M,M,0.00,0.0,0
2025-10-29,M,M,0.00,0.0,0
2025-10-30,M,M,0.00,0.0,0
2025-10-31,M,M,1.80,0.0,0
2025-11-01,M,M,0.24,0.0,0
2025-11-02,M,M,0.00,0.0,0
2025-11-03,M,M,0.00,0.0,0
2025-11-04,M,M,0.34,0.0,0
2025-11-05,M,M,0.07,0.0,0
2025-11-06,M,M,0.24,0.0,0
2025-11-07,M,M,0.00,0.0,0
2025-11-08,M,M,0.10,0.0,0
2025-11-09,M,M,0.11,0.0,0
2025-11-10,M,M,0.62,0.5,0
2025-11-11,M,M,0.62,0.0,0
2025-11-12,M,M,0.03,0.4,0
2025-11-13,M,M,0.01,0.1,0
2025-11-14,M,M,0.00,0.0,0
2025-11-15,M,M,0.00,0.0,0
2025-11-16,M,M,0.32,2.6,2
2025-11-17,M,M,0.01,0.0,2
2025-11-18,M,M,0.00,0.0,1
2025-11-19,M,M,0.00,0.0,1
2025-11-20,M,M,0.00,0.0,1
2025-11-21,M,M,0.00,0.0,0
2025-11-22,M,M,0.00,0.0,0
2025-11-23,M,M,0.00,0.0,0
2025-11-24,M,M,0.01,0.1,0
2025-11-25,M,M,0.00,0.0,0
2025-11-26,M,M,0.15,0.0,0
2025-11-27,M,M,0.36,0.0,0
2025-11-28,M,M,0.00,0.0,0
2025-11-29,M,M,0.02,0.3,0
2025-11-30,M,M,0.00,0.0,0
